concepts_name,primary_part,parts,paper_ids,supporting_titles,supporting_urls,canonical_urls,paper_row_count,verified_true_paper_rows,verification_statuses,citation_count_agg,definition,what_count,what_do_not_count,concept_text,evidence_texts,definition_variant_count,what_count_variant_count,what_not_variant_count,I_def,I_count,I_not,I_obs,A,P,label_similarity_indicator,label_similarity_ideation,label_similarity_attempt,label_similarity_behaviour,L,closest_label,V,E,evidence_preview,Q,decision,final_rank,part_rank
adverse_childhood_experience_load,Developmental and contextual vulnerability,Developmental and contextual vulnerability,S19_ACE_2001,"Childhood abuse, household dysfunction, and the risk of attempted suicide throughout the life span",https://pubmed.ncbi.nlm.nih.gov/11754674/,https://pubmed.ncbi.nlm.nih.gov/11754674/,1,,not_audited,"~2284 OpenAlex, checked 2026-06-11",Cumulative childhood adversity burden creating long-term vulnerability.,"Multiple adverse childhood experiences, unsafe upbringing, abuse, neglect, parental violence, incarceration, household substance use or mental illness.","A single ordinary childhood difficulty without threat, neglect, violence, or household dysfunction.","adverse_childhood_experience_load. Definition: Cumulative childhood adversity burden creating long-term vulnerability. What counts: Multiple adverse childhood experiences, unsafe upbringing, abuse, neglect, parental violence, incarceration, household substance use or mental illness. What does not count: A single ordinary childhood difficulty without threat, neglect, violence, or household dysfunction.","Childhood abuse, household dysfunction, and the risk of attempted suicide throughout the life span | JAMA (2001) | Adverse Childhood Experiences | distal vulnerability | Background vulnerabilities and life-context factors that shape sensitivity to later stress, separated from acute crisis state.",1,1,1,,,,,,,,,,,,,,,"Childhood abuse, household dysfunction, and the risk of attempted suicide throughout the life span | JAMA (2001) | Adverse Childhood Experiences | distal vulnerability | Background vulnerabilities and life-context factors that shape sensitivity to later stress, separated from acute crisis state.",,no_audit_include,1,1
childhood_emotional_abuse,Developmental and contextual vulnerability,Developmental and contextual vulnerability,S20_CHILD_MALTREAT_META,Association of Childhood Maltreatment With Suicide Behaviors Among Young People: A Systematic Review and Meta-analysis,https://pubmed.ncbi.nlm.nih.gov/32756929/,https://pubmed.ncbi.nlm.nih.gov/32756929/,1,,not_audited,citation not checked by OpenAlex exact match; included as JAMA Network Open systematic review/meta-analysis,"History of repeated emotional cruelty, humiliation, threat, or rejection in childhood.","Being repeatedly insulted, terrorized, rejected, shamed, or emotionally harmed by caregivers/adults.","One argument, strict parenting, or ordinary criticism without repeated emotional abuse.","childhood_emotional_abuse. Definition: History of repeated emotional cruelty, humiliation, threat, or rejection in childhood. What counts: Being repeatedly insulted, terrorized, rejected, shamed, or emotionally harmed by caregivers/adults. What does not count: One argument, strict parenting, or ordinary criticism without repeated emotional abuse.","Association of Childhood Maltreatment With Suicide Behaviors Among Young People: A Systematic Review and Meta-analysis | JAMA Pediatrics (2020) | Childhood maltreatment evidence | distal vulnerability | Background vulnerabilities and life-context factors that shape sensitivity to later stress, separated from acute crisis state.",1,1,1,,,,,,,,,,,,,,,"Association of Childhood Maltreatment With Suicide Behaviors Among Young People: A Systematic Review and Meta-analysis | JAMA Pediatrics (2020) | Childhood maltreatment evidence | distal vulnerability | Background vulnerabilities and life-context factors that shape sensitivity to later stress, separated from acute crisis state.",,no_audit_include,2,2
childhood_physical_or_sexual_abuse,Developmental and contextual vulnerability,Developmental and contextual vulnerability,S20_CHILD_MALTREAT_META,Association of Childhood Maltreatment With Suicide Behaviors Among Young People: A Systematic Review and Meta-analysis,https://pubmed.ncbi.nlm.nih.gov/32756929/,https://pubmed.ncbi.nlm.nih.gov/32756929/,1,,not_audited,citation not checked by OpenAlex exact match; included as JAMA Network Open systematic review/meta-analysis,History of physical or sexual abuse during childhood.,"Being beaten, assaulted, molested, coerced, sexually abused, or physically harmed as a child.","Adult consensual sex, ordinary discipline without harm, or vague unhappy childhood.","childhood_physical_or_sexual_abuse. Definition: History of physical or sexual abuse during childhood. What counts: Being beaten, assaulted, molested, coerced, sexually abused, or physically harmed as a child. What does not count: Adult consensual sex, ordinary discipline without harm, or vague unhappy childhood.","Association of Childhood Maltreatment With Suicide Behaviors Among Young People: A Systematic Review and Meta-analysis | JAMA Pediatrics (2020) | Childhood maltreatment evidence | distal vulnerability | Background vulnerabilities and life-context factors that shape sensitivity to later stress, separated from acute crisis state.",1,1,1,,,,,,,,,,,,,,,"Association of Childhood Maltreatment With Suicide Behaviors Among Young People: A Systematic Review and Meta-analysis | JAMA Pediatrics (2020) | Childhood maltreatment evidence | distal vulnerability | Background vulnerabilities and life-context factors that shape sensitivity to later stress, separated from acute crisis state.",,no_audit_include,3,3
childhood_neglect_or_unsafe_care,Developmental and contextual vulnerability,Developmental and contextual vulnerability,S20_CHILD_MALTREAT_META,Association of Childhood Maltreatment With Suicide Behaviors Among Young People: A Systematic Review and Meta-analysis,https://pubmed.ncbi.nlm.nih.gov/32756929/,https://pubmed.ncbi.nlm.nih.gov/32756929/,1,,not_audited,citation not checked by OpenAlex exact match; included as JAMA Network Open systematic review/meta-analysis,"Childhood lack of protection, care, supervision, or emotional safety.","Being left alone, ignored, not fed, no safe adult, emotional neglect, unsafe or chaotic care.",Temporary parental busyness or normal independence without deprivation or danger.,"childhood_neglect_or_unsafe_care. Definition: Childhood lack of protection, care, supervision, or emotional safety. What counts: Being left alone, ignored, not fed, no safe adult, emotional neglect, unsafe or chaotic care. What does not count: Temporary parental busyness or normal independence without deprivation or danger.","Association of Childhood Maltreatment With Suicide Behaviors Among Young People: A Systematic Review and Meta-analysis | JAMA Pediatrics (2020) | Childhood maltreatment evidence | distal vulnerability | Background vulnerabilities and life-context factors that shape sensitivity to later stress, separated from acute crisis state.",1,1,1,,,,,,,,,,,,,,,"Association of Childhood Maltreatment With Suicide Behaviors Among Young People: A Systematic Review and Meta-analysis | JAMA Pediatrics (2020) | Childhood maltreatment evidence | distal vulnerability | Background vulnerabilities and life-context factors that shape sensitivity to later stress, separated from acute crisis state.",,no_audit_include,4,4
household_dysfunction_history,Developmental and contextual vulnerability,Developmental and contextual vulnerability,S19_ACE_2001,"Childhood abuse, household dysfunction, and the risk of attempted suicide throughout the life span",https://pubmed.ncbi.nlm.nih.gov/11754674/,https://pubmed.ncbi.nlm.nih.gov/11754674/,1,,not_audited,"~2284 OpenAlex, checked 2026-06-11","Childhood household instability involving violence, incarceration, separation, or chronic chaos.","Domestic violence, caregiver incarceration, severe divorce disruption, chaotic home, unsafe family system.",Ordinary family disagreements or moving homes without dysfunction.,"household_dysfunction_history. Definition: Childhood household instability involving violence, incarceration, separation, or chronic chaos. What counts: Domestic violence, caregiver incarceration, severe divorce disruption, chaotic home, unsafe family system. What does not count: Ordinary family disagreements or moving homes without dysfunction.","Childhood abuse, household dysfunction, and the risk of attempted suicide throughout the life span | JAMA (2001) | Adverse Childhood Experiences | distal vulnerability | Background vulnerabilities and life-context factors that shape sensitivity to later stress, separated from acute crisis state.",1,1,1,,,,,,,,,,,,,,,"Childhood abuse, household dysfunction, and the risk of attempted suicide throughout the life span | JAMA (2001) | Adverse Childhood Experiences | distal vulnerability | Background vulnerabilities and life-context factors that shape sensitivity to later stress, separated from acute crisis state.",,no_audit_include,5,5
family_mental_illness_or_substance_context,Developmental and contextual vulnerability,Developmental and contextual vulnerability,S19_ACE_2001,"Childhood abuse, household dysfunction, and the risk of attempted suicide throughout the life span",https://pubmed.ncbi.nlm.nih.gov/11754674/,https://pubmed.ncbi.nlm.nih.gov/11754674/,1,,not_audited,"~2284 OpenAlex, checked 2026-06-11",Family context shaped by caregiver mental illness or substance misuse.,"Parent/caregiver alcoholism, drug use, severe mental illness, hospitalization, or instability affecting the poster.",Poster own substance use or general family stress without family mental illness/substance context.,"family_mental_illness_or_substance_context. Definition: Family context shaped by caregiver mental illness or substance misuse. What counts: Parent/caregiver alcoholism, drug use, severe mental illness, hospitalization, or instability affecting the poster. What does not count: Poster own substance use or general family stress without family mental illness/substance context.","Childhood abuse, household dysfunction, and the risk of attempted suicide throughout the life span | JAMA (2001) | Adverse Childhood Experiences | distal vulnerability | Background vulnerabilities and life-context factors that shape sensitivity to later stress, separated from acute crisis state.",1,1,1,,,,,,,,,,,,,,,"Childhood abuse, household dysfunction, and the risk of attempted suicide throughout the life span | JAMA (2001) | Adverse Childhood Experiences | distal vulnerability | Background vulnerabilities and life-context factors that shape sensitivity to later stress, separated from acute crisis state.",,no_audit_include,6,6
trauma_exposure_history,Developmental and contextual vulnerability,Developmental and contextual vulnerability,S38_PTSD_CPTSD,Complex PTSD: Australian Guidelines / ICD-11 CPTSD summary,https://www.phoenixaustralia.org/wp-content/uploads/2022/08/Chapter-7.-CPTSD.pdf,https://www.phoenixaustralia.org/wp-content/uploads/2022/08/Chapter-7.-CPTSD.pdf,1,,not_audited,diagnostic framework/guidance; citation count not applicable,Exposure to traumatic events that may shape later symptoms or appraisals.,"Assault, abuse, combat, accident, sexual violence, repeated interpersonal trauma, or explicit trauma history.","Everyday stress, embarrassment, or conflict without traumatic exposure.","trauma_exposure_history. Definition: Exposure to traumatic events that may shape later symptoms or appraisals. What counts: Assault, abuse, combat, accident, sexual violence, repeated interpersonal trauma, or explicit trauma history. What does not count: Everyday stress, embarrassment, or conflict without traumatic exposure.","Complex PTSD: Australian Guidelines / ICD-11 CPTSD summary | Phoenix Australia; ICD-11-informed guidance (2022) | ICD-11 PTSD/CPTSD | distal vulnerability | Background vulnerabilities and life-context factors that shape sensitivity to later stress, separated from acute crisis state.",1,1,1,,,,,,,,,,,,,,,"Complex PTSD: Australian Guidelines / ICD-11 CPTSD summary | Phoenix Australia; ICD-11-informed guidance (2022) | ICD-11 PTSD/CPTSD | distal vulnerability | Background vulnerabilities and life-context factors that shape sensitivity to later stress, separated from acute crisis state.",,no_audit_include,7,7
chronic_physical_illness_or_pain,Developmental and contextual vulnerability,Developmental and contextual vulnerability,S30_CDC_2026,Risk and Protective Factors for Suicide,https://www.cdc.gov/suicide/risk-factors/index.html,https://www.cdc.gov/suicide/risk-factors/index.html,1,,not_audited,guidance/framework source; citation count not applicable,"Longstanding illness, disability, or physical pain burden that constrains life.","Chronic pain, serious illness, disability, repeated medical suffering, physical condition as persistent burden.","Brief illness, routine fatigue, or metaphorical pain only.","chronic_physical_illness_or_pain. Definition: Longstanding illness, disability, or physical pain burden that constrains life. What counts: Chronic pain, serious illness, disability, repeated medical suffering, physical condition as persistent burden. What does not count: Brief illness, routine fatigue, or metaphorical pain only.","Risk and Protective Factors for Suicide | CDC (2026) | CDC socioecological risk/protective factors | contextual vulnerability | Background vulnerabilities and life-context factors that shape sensitivity to later stress, separated from acute crisis state.",1,1,1,,,,,,,,,,,,,,,"Risk and Protective Factors for Suicide | CDC (2026) | CDC socioecological risk/protective factors | contextual vulnerability | Background vulnerabilities and life-context factors that shape sensitivity to later stress, separated from acute crisis state.",,no_audit_include,8,8
discrimination_or_minority_stress,Developmental and contextual vulnerability,Developmental and contextual vulnerability,S30_CDC_2026,Risk and Protective Factors for Suicide,https://www.cdc.gov/suicide/risk-factors/index.html,https://www.cdc.gov/suicide/risk-factors/index.html,1,,not_audited,guidance/framework source; citation count not applicable,"Stress from stigma, discrimination, exclusion, or marginalization.","Racism, homophobia, transphobia, ableism, identity-based mistreatment, community rejection, structural exclusion.",Ordinary disagreement or criticism unrelated to identity or structural exclusion.,"discrimination_or_minority_stress. Definition: Stress from stigma, discrimination, exclusion, or marginalization. What counts: Racism, homophobia, transphobia, ableism, identity-based mistreatment, community rejection, structural exclusion. What does not count: Ordinary disagreement or criticism unrelated to identity or structural exclusion.","Risk and Protective Factors for Suicide | CDC (2026) | CDC socioecological risk/protective factors | contextual vulnerability | Background vulnerabilities and life-context factors that shape sensitivity to later stress, separated from acute crisis state.",1,1,1,,,,,,,,,,,,,,,"Risk and Protective Factors for Suicide | CDC (2026) | CDC socioecological risk/protective factors | contextual vulnerability | Background vulnerabilities and life-context factors that shape sensitivity to later stress, separated from acute crisis state.",,no_audit_include,9,9
financial_insecurity,Developmental and contextual vulnerability,Developmental and contextual vulnerability,S30_CDC_2026,Risk and Protective Factors for Suicide,https://www.cdc.gov/suicide/risk-factors/index.html,https://www.cdc.gov/suicide/risk-factors/index.html,1,,not_audited,guidance/framework source; citation count not applicable,"Ongoing economic insecurity that strains safety, autonomy, or stability.","Debt, poverty, inability to afford basics, chronic money stress, bills threatening survival.",Wanting more money or ordinary budgeting concerns without insecurity.,"financial_insecurity. Definition: Ongoing economic insecurity that strains safety, autonomy, or stability. What counts: Debt, poverty, inability to afford basics, chronic money stress, bills threatening survival. What does not count: Wanting more money or ordinary budgeting concerns without insecurity.","Risk and Protective Factors for Suicide | CDC (2026) | CDC socioecological risk/protective factors | contextual vulnerability | Background vulnerabilities and life-context factors that shape sensitivity to later stress, separated from acute crisis state.",1,1,1,,,,,,,,,,,,,,,"Risk and Protective Factors for Suicide | CDC (2026) | CDC socioecological risk/protective factors | contextual vulnerability | Background vulnerabilities and life-context factors that shape sensitivity to later stress, separated from acute crisis state.",,no_audit_include,10,10
unemployment_or_job_instability,Developmental and contextual vulnerability,Developmental and contextual vulnerability,S30_CDC_2026,Risk and Protective Factors for Suicide,https://www.cdc.gov/suicide/risk-factors/index.html,https://www.cdc.gov/suicide/risk-factors/index.html,1,,not_audited,guidance/framework source; citation count not applicable,Employment instability or job loss as a persistent stress context.,"Job loss, unstable work, repeated unemployment, workplace collapse, career instability.",Normal work dissatisfaction or a busy week.,"unemployment_or_job_instability. Definition: Employment instability or job loss as a persistent stress context. What counts: Job loss, unstable work, repeated unemployment, workplace collapse, career instability. What does not count: Normal work dissatisfaction or a busy week.","Risk and Protective Factors for Suicide | CDC (2026) | CDC socioecological risk/protective factors | contextual vulnerability | Background vulnerabilities and life-context factors that shape sensitivity to later stress, separated from acute crisis state.",1,1,1,,,,,,,,,,,,,,,"Risk and Protective Factors for Suicide | CDC (2026) | CDC socioecological risk/protective factors | contextual vulnerability | Background vulnerabilities and life-context factors that shape sensitivity to later stress, separated from acute crisis state.",,no_audit_include,11,11
legal_or_criminal_stressor,Developmental and contextual vulnerability,Developmental and contextual vulnerability,S30_CDC_2026,Risk and Protective Factors for Suicide,https://www.cdc.gov/suicide/risk-factors/index.html,https://www.cdc.gov/suicide/risk-factors/index.html,1,,not_audited,guidance/framework source; citation count not applicable,Legal or criminal justice problems that intensify stress.,"Arrest, court, jail, charges, probation, legal threats, criminal record blocking life options.",Moral guilt about a mistake without legal or criminal consequence.,"legal_or_criminal_stressor. Definition: Legal or criminal justice problems that intensify stress. What counts: Arrest, court, jail, charges, probation, legal threats, criminal record blocking life options. What does not count: Moral guilt about a mistake without legal or criminal consequence.","Risk and Protective Factors for Suicide | CDC (2026) | CDC socioecological risk/protective factors | contextual vulnerability | Background vulnerabilities and life-context factors that shape sensitivity to later stress, separated from acute crisis state.",1,1,1,,,,,,,,,,,,,,,"Risk and Protective Factors for Suicide | CDC (2026) | CDC socioecological risk/protective factors | contextual vulnerability | Background vulnerabilities and life-context factors that shape sensitivity to later stress, separated from acute crisis state.",,no_audit_include,12,12
housing_instability,Developmental and contextual vulnerability,Developmental and contextual vulnerability,S30_CDC_2026,Risk and Protective Factors for Suicide,https://www.cdc.gov/suicide/risk-factors/index.html,https://www.cdc.gov/suicide/risk-factors/index.html,1,,not_audited,guidance/framework source; citation count not applicable,"Unstable housing, homelessness, unsafe shelter, or credible threat to losing shelter.","Homelessness, couch-surfing, eviction threat, unsafe housing, no place to stay.",Wanting a nicer home or temporary travel inconvenience.,"housing_instability. Definition: Unstable housing, homelessness, unsafe shelter, or credible threat to losing shelter. What counts: Homelessness, couch-surfing, eviction threat, unsafe housing, no place to stay. What does not count: Wanting a nicer home or temporary travel inconvenience.","Risk and Protective Factors for Suicide | CDC (2026) | CDC socioecological risk/protective factors | contextual vulnerability | Background vulnerabilities and life-context factors that shape sensitivity to later stress, separated from acute crisis state.",1,1,1,,,,,,,,,,,,,,,"Risk and Protective Factors for Suicide | CDC (2026) | CDC socioecological risk/protective factors | contextual vulnerability | Background vulnerabilities and life-context factors that shape sensitivity to later stress, separated from acute crisis state.",,no_audit_include,13,13
baseline_vulnerability_accumulation,Developmental and contextual vulnerability,Developmental and contextual vulnerability,S09_FVT_2006,Fluid Vulnerability Theory: A Cognitive Approach to Understanding the Process of Acute and Chronic Suicide Risk,https://pmc.ncbi.nlm.nih.gov/articles/PMC7050543/,https://pmc.ncbi.nlm.nih.gov/articles/PMC7050543/,1,,not_audited,"~423 OpenAlex, checked 2026-06-11","Relatively stable vulnerability from accumulated risk across history, symptoms, and context.","Longstanding mental health burden, repeated crises, chronic adversity, or multi-domain vulnerabilities described as ongoing.",A one-time bad day with no stable vulnerability context.,"baseline_vulnerability_accumulation. Definition: Relatively stable vulnerability from accumulated risk across history, symptoms, and context. What counts: Longstanding mental health burden, repeated crises, chronic adversity, or multi-domain vulnerabilities described as ongoing. What does not count: A one-time bad day with no stable vulnerability context.","Fluid Vulnerability Theory: A Cognitive Approach to Understanding the Process of Acute and Chronic Suicide Risk | Cognition and Suicide: Theory, Research, and Therapy (2006) | Fluid Vulnerability Theory | dynamic vulnerability | Background vulnerabilities and life-context factors that shape sensitivity to later stress, separated from acute crisis state.",1,1,1,,,,,,,,,,,,,,,"Fluid Vulnerability Theory: A Cognitive Approach to Understanding the Process of Acute and Chronic Suicide Risk | Cognition and Suicide: Theory, Research, and Therapy (2006) | Fluid Vulnerability Theory | dynamic vulnerability | Background vulnerabilities and life-context factors that shape sensitivity to later stress, separated from acute crisis state.",,no_audit_include,14,14
relationship_loss_or_breakup,"Acute stressor, loss, and crisis transition","Acute stressor, loss, and crisis transition",S30_CDC_2026,Risk and Protective Factors for Suicide,https://www.cdc.gov/suicide/risk-factors/index.html,https://www.cdc.gov/suicide/risk-factors/index.html,1,,not_audited,guidance/framework source; citation count not applicable,"Recent romantic, family, or friendship loss.","Breakup, divorce, being dumped, losing a close friend, estrangement, relationship ending.",Minor disagreement or temporary distance without loss.,"relationship_loss_or_breakup. Definition: Recent romantic, family, or friendship loss. What counts: Breakup, divorce, being dumped, losing a close friend, estrangement, relationship ending. What does not count: Minor disagreement or temporary distance without loss.","Risk and Protective Factors for Suicide | CDC (2026) | CDC socioecological risk/protective factors | acute trigger | Recent precipitating events, losses, and dynamic escalations that may move a post from baseline distress toward crisis.",1,1,1,,,,,,,,,,,,,,,"Risk and Protective Factors for Suicide | CDC (2026) | CDC socioecological risk/protective factors | acute trigger | Recent precipitating events, losses, and dynamic escalations that may move a post from baseline distress toward crisis.",,no_audit_include,15,1
bereavement_or_grief_loss,"Acute stressor, loss, and crisis transition","Acute stressor, loss, and crisis transition",S35_RDOC_NVS,RDoC Negative Valence Systems,https://www.nimh.nih.gov/research/research-funded-by-nimh/rdoc/constructs/negative-valence-systems,https://www.nimh.nih.gov/research/research-funded-by-nimh/rdoc/constructs/negative-valence-systems,1,,not_audited,research framework; citation count not applicable,Grief response to death or major irreversible loss.,"Someone died, mourning, cannot cope with death/loss, anniversary of death, grief wave.",Missing someone who moved away without death or irreversible loss.,"bereavement_or_grief_loss. Definition: Grief response to death or major irreversible loss. What counts: Someone died, mourning, cannot cope with death/loss, anniversary of death, grief wave. What does not count: Missing someone who moved away without death or irreversible loss.","RDoC Negative Valence Systems | NIMH RDoC (current) | RDoC Negative Valence Systems | acute trigger | Recent precipitating events, losses, and dynamic escalations that may move a post from baseline distress toward crisis.",1,1,1,,,,,,,,,,,,,,,"RDoC Negative Valence Systems | NIMH RDoC (current) | RDoC Negative Valence Systems | acute trigger | Recent precipitating events, losses, and dynamic escalations that may move a post from baseline distress toward crisis.",,no_audit_include,16,2
interpersonal_conflict_escalation,"Acute stressor, loss, and crisis transition","Acute stressor, loss, and crisis transition",S30_CDC_2026,Risk and Protective Factors for Suicide,https://www.cdc.gov/suicide/risk-factors/index.html,https://www.cdc.gov/suicide/risk-factors/index.html,1,,not_audited,guidance/framework source; citation count not applicable,Recent interpersonal conflict that escalates distress.,"Fight with partner/family/friend, being attacked, intense argument, conflict becoming threatening.",Everyday disagreement that resolves quickly.,"interpersonal_conflict_escalation. Definition: Recent interpersonal conflict that escalates distress. What counts: Fight with partner/family/friend, being attacked, intense argument, conflict becoming threatening. What does not count: Everyday disagreement that resolves quickly.","Risk and Protective Factors for Suicide | CDC (2026) | CDC socioecological risk/protective factors | acute trigger | Recent precipitating events, losses, and dynamic escalations that may move a post from baseline distress toward crisis.",1,1,1,,,,,,,,,,,,,,,"Risk and Protective Factors for Suicide | CDC (2026) | CDC socioecological risk/protective factors | acute trigger | Recent precipitating events, losses, and dynamic escalations that may move a post from baseline distress toward crisis.",,no_audit_include,17,3
academic_or_work_failure_event,"Acute stressor, loss, and crisis transition","Acute stressor, loss, and crisis transition",S30_CDC_2026,Risk and Protective Factors for Suicide,https://www.cdc.gov/suicide/risk-factors/index.html,https://www.cdc.gov/suicide/risk-factors/index.html,1,,not_audited,guidance/framework source; citation count not applicable,Recent school/work failure or evaluative setback.,"Failed exam, job firing, rejected application, academic collapse, work humiliation, lost career opportunity.",Ordinary deadline stress or mild disappointment.,"academic_or_work_failure_event. Definition: Recent school/work failure or evaluative setback. What counts: Failed exam, job firing, rejected application, academic collapse, work humiliation, lost career opportunity. What does not count: Ordinary deadline stress or mild disappointment.","Risk and Protective Factors for Suicide | CDC (2026) | CDC socioecological risk/protective factors | acute trigger | Recent precipitating events, losses, and dynamic escalations that may move a post from baseline distress toward crisis.",1,1,1,,,,,,,,,,,,,,,"Risk and Protective Factors for Suicide | CDC (2026) | CDC socioecological risk/protective factors | acute trigger | Recent precipitating events, losses, and dynamic escalations that may move a post from baseline distress toward crisis.",,no_audit_include,18,4
public_humiliation_or_shame_event,"Acute stressor, loss, and crisis transition","Acute stressor, loss, and crisis transition",S10_ESCAPE_1990,Suicide as escape from self,https://pubmed.ncbi.nlm.nih.gov/2408091/,https://pubmed.ncbi.nlm.nih.gov/2408091/,1,,not_audited,"~1784 OpenAlex, checked 2026-06-11","Acute humiliation, exposure, or disgrace that sharply changes self-appraisal.","Publicly humiliated, exposed secret, shame spiral after mistake, reputation ruined.",Mild embarrassment or constructive criticism.,"public_humiliation_or_shame_event. Definition: Acute humiliation, exposure, or disgrace that sharply changes self-appraisal. What counts: Publicly humiliated, exposed secret, shame spiral after mistake, reputation ruined. What does not count: Mild embarrassment or constructive criticism.","Suicide as escape from self | Psychological Review (1990) | Escape theory | acute trigger | Recent precipitating events, losses, and dynamic escalations that may move a post from baseline distress toward crisis.",1,1,1,,,,,,,,,,,,,,,"Suicide as escape from self | Psychological Review (1990) | Escape theory | acute trigger | Recent precipitating events, losses, and dynamic escalations that may move a post from baseline distress toward crisis.",,no_audit_include,19,5
financial_or_housing_crisis,"Acute stressor, loss, and crisis transition","Acute stressor, loss, and crisis transition",S30_CDC_2026,Risk and Protective Factors for Suicide,https://www.cdc.gov/suicide/risk-factors/index.html,https://www.cdc.gov/suicide/risk-factors/index.html,1,,not_audited,guidance/framework source; citation count not applicable,"Immediate crisis involving money, food, bills, or shelter.","Eviction, no food, urgent debt, bills impossible today, losing shelter, sudden financial collapse.",Long-term wish for better finances without current crisis.,"financial_or_housing_crisis. Definition: Immediate crisis involving money, food, bills, or shelter. What counts: Eviction, no food, urgent debt, bills impossible today, losing shelter, sudden financial collapse. What does not count: Long-term wish for better finances without current crisis.","Risk and Protective Factors for Suicide | CDC (2026) | CDC socioecological risk/protective factors | acute trigger | Recent precipitating events, losses, and dynamic escalations that may move a post from baseline distress toward crisis.",1,1,1,,,,,,,,,,,,,,,"Risk and Protective Factors for Suicide | CDC (2026) | CDC socioecological risk/protective factors | acute trigger | Recent precipitating events, losses, and dynamic escalations that may move a post from baseline distress toward crisis.",,no_audit_include,20,6
treatment_or_care_disruption,"Acute stressor, loss, and crisis transition","Acute stressor, loss, and crisis transition",S30_CDC_2026,Risk and Protective Factors for Suicide,https://www.cdc.gov/suicide/risk-factors/index.html,https://www.cdc.gov/suicide/risk-factors/index.html,1,,not_audited,guidance/framework source; citation count not applicable,Loss or interruption of mental/physical health support.,"Therapist left, medication stopped, cannot access doctor, insurance loss, discharge without support.",Choosing not to attend a routine appointment without disruption.,"treatment_or_care_disruption. Definition: Loss or interruption of mental/physical health support. What counts: Therapist left, medication stopped, cannot access doctor, insurance loss, discharge without support. What does not count: Choosing not to attend a routine appointment without disruption.","Risk and Protective Factors for Suicide | CDC (2026) | CDC socioecological risk/protective factors | acute trigger | Recent precipitating events, losses, and dynamic escalations that may move a post from baseline distress toward crisis.",1,1,1,,,,,,,,,,,,,,,"Risk and Protective Factors for Suicide | CDC (2026) | CDC socioecological risk/protective factors | acute trigger | Recent precipitating events, losses, and dynamic escalations that may move a post from baseline distress toward crisis.",,no_audit_include,21,7
acute_substance_intoxication_context,"Acute stressor, loss, and crisis transition","Acute stressor, loss, and crisis transition",S27_SUBSTANCE_META,"Alcohol-related risk of suicidal ideation, suicide attempt, and completed suicide: A meta-analysis",https://pubmed.ncbi.nlm.nih.gov/?term=alcohol+use+disorder+suicide+risk+meta-analysis,https://pubmed.ncbi.nlm.nih.gov/?term=alcohol+use+disorder+suicide+risk+meta-analysis,1,,not_audited,"~469 OpenAlex, checked 2026-06-11",Acute intoxication or substance use intensifying current distress or unsafe behavior.,"Drunk/high during crisis, blackout, intoxication fueling conflict, using tonight to numb or escalate.",Past substance use without acute state or crisis connection.,"acute_substance_intoxication_context. Definition: Acute intoxication or substance use intensifying current distress or unsafe behavior. What counts: Drunk/high during crisis, blackout, intoxication fueling conflict, using tonight to numb or escalate. What does not count: Past substance use without acute state or crisis connection.","Alcohol-related risk of suicidal ideation, suicide attempt, and completed suicide: A meta-analysis | PLOS ONE / related literature (2015) | Substance/alcohol risk evidence | acute trigger | Recent precipitating events, losses, and dynamic escalations that may move a post from baseline distress toward crisis.",1,1,1,,,,,,,,,,,,,,,"Alcohol-related risk of suicidal ideation, suicide attempt, and completed suicide: A meta-analysis | PLOS ONE / related literature (2015) | Substance/alcohol risk evidence | acute trigger | Recent precipitating events, losses, and dynamic escalations that may move a post from baseline distress toward crisis.",,no_audit_include,22,8
crisis_state_escalation,"Acute stressor, loss, and crisis transition","Acute stressor, loss, and crisis transition",S09_FVT_2006,Fluid Vulnerability Theory: A Cognitive Approach to Understanding the Process of Acute and Chronic Suicide Risk,https://pmc.ncbi.nlm.nih.gov/articles/PMC7050543/,https://pmc.ncbi.nlm.nih.gov/articles/PMC7050543/,1,,not_audited,"~423 OpenAlex, checked 2026-06-11",Rapid movement from baseline distress to acute unstable crisis state.,"Sudden spiral, tonight is different, escalating fast, cannot stop the crisis, acute switch in state.",Stable chronic sadness without a recent shift.,"crisis_state_escalation. Definition: Rapid movement from baseline distress to acute unstable crisis state. What counts: Sudden spiral, tonight is different, escalating fast, cannot stop the crisis, acute switch in state. What does not count: Stable chronic sadness without a recent shift.","Fluid Vulnerability Theory: A Cognitive Approach to Understanding the Process of Acute and Chronic Suicide Risk | Cognition and Suicide: Theory, Research, and Therapy (2006) | Fluid Vulnerability Theory | dynamic state | Recent precipitating events, losses, and dynamic escalations that may move a post from baseline distress toward crisis.",1,1,1,,,,,,,,,,,,,,,"Fluid Vulnerability Theory: A Cognitive Approach to Understanding the Process of Acute and Chronic Suicide Risk | Cognition and Suicide: Theory, Research, and Therapy (2006) | Fluid Vulnerability Theory | dynamic state | Recent precipitating events, losses, and dynamic escalations that may move a post from baseline distress toward crisis.",,no_audit_include,23,9
exposure_to_suicide_or_self_harm_in_others,"Acute stressor, loss, and crisis transition","Acute stressor, loss, and crisis transition",S03_IMV_2018,The integrated motivational-volitional model of suicidal behaviour,https://pmc.ncbi.nlm.nih.gov/articles/PMC6053985/,https://pmc.ncbi.nlm.nih.gov/articles/PMC6053985/,1,,not_audited,"~1460 OpenAlex, checked 2026-06-11","Exposure to suicide or self-harm in peers, family, media, or community.","Friend/family/community suicide, suicide cluster, close exposure to self-harm, repeated exposure narratives.",General news or fictional content with no personal exposure/context.,"exposure_to_suicide_or_self_harm_in_others. Definition: Exposure to suicide or self-harm in peers, family, media, or community. What counts: Friend/family/community suicide, suicide cluster, close exposure to self-harm, repeated exposure narratives. What does not count: General news or fictional content with no personal exposure/context.","The integrated motivational-volitional model of suicidal behaviour | Philosophical Transactions of the Royal Society B (2018) | Integrated Motivational-Volitional model | volitional/context factor | Recent precipitating events, losses, and dynamic escalations that may move a post from baseline distress toward crisis.",1,1,1,,,,,,,,,,,,,,,"The integrated motivational-volitional model of suicidal behaviour | Philosophical Transactions of the Royal Society B (2018) | Integrated Motivational-Volitional model | volitional/context factor | Recent precipitating events, losses, and dynamic escalations that may move a post from baseline distress toward crisis.",,no_audit_include,24,10
anniversary_or_trigger_reminder,"Acute stressor, loss, and crisis transition","Acute stressor, loss, and crisis transition",S38_PTSD_CPTSD,Complex PTSD: Australian Guidelines / ICD-11 CPTSD summary,https://www.phoenixaustralia.org/wp-content/uploads/2022/08/Chapter-7.-CPTSD.pdf,https://www.phoenixaustralia.org/wp-content/uploads/2022/08/Chapter-7.-CPTSD.pdf,1,,not_audited,diagnostic framework/guidance; citation count not applicable,Trauma/loss reminder or anniversary provoking current distress.,"Anniversary reaction, triggered by reminder, date/place/person brings trauma back, sudden reminder-driven crisis.",Remembering something voluntarily without distress escalation.,"anniversary_or_trigger_reminder. Definition: Trauma/loss reminder or anniversary provoking current distress. What counts: Anniversary reaction, triggered by reminder, date/place/person brings trauma back, sudden reminder-driven crisis. What does not count: Remembering something voluntarily without distress escalation.","Complex PTSD: Australian Guidelines / ICD-11 CPTSD summary | Phoenix Australia; ICD-11-informed guidance (2022) | ICD-11 PTSD/CPTSD | acute trigger | Recent precipitating events, losses, and dynamic escalations that may move a post from baseline distress toward crisis.",1,1,1,,,,,,,,,,,,,,,"Complex PTSD: Australian Guidelines / ICD-11 CPTSD summary | Phoenix Australia; ICD-11-informed guidance (2022) | ICD-11 PTSD/CPTSD | acute trigger | Recent precipitating events, losses, and dynamic escalations that may move a post from baseline distress toward crisis.",,no_audit_include,25,11
major_life_transition_stress,"Acute stressor, loss, and crisis transition","Acute stressor, loss, and crisis transition",S30_CDC_2026,Risk and Protective Factors for Suicide,https://www.cdc.gov/suicide/risk-factors/index.html,https://www.cdc.gov/suicide/risk-factors/index.html,1,,not_audited,guidance/framework source; citation count not applicable,"Major role, school, work, family, or living transition producing stress.","Moving, starting/leaving school, graduation, divorce, new job, becoming caregiver, role change overwhelming.","Small routine schedule change without role disruption, instability, or meaningful stress.","major_life_transition_stress. Definition: Major role, school, work, family, or living transition producing stress. What counts: Moving, starting/leaving school, graduation, divorce, new job, becoming caregiver, role change overwhelming. What does not count: Small routine schedule change without role disruption, instability, or meaningful stress.","Risk and Protective Factors for Suicide | CDC (2026) | CDC socioecological risk/protective factors | acute/contextual trigger | Recent precipitating events, losses, and dynamic escalations that may move a post from baseline distress toward crisis.",1,1,1,,,,,,,,,,,,,,,"Risk and Protective Factors for Suicide | CDC (2026) | CDC socioecological risk/protective factors | acute/contextual trigger | Recent precipitating events, losses, and dynamic escalations that may move a post from baseline distress toward crisis.",,no_audit_include,26,12
depressed_mood_language,Psychiatric and transdiagnostic symptom expression,Psychiatric and transdiagnostic symptom expression,S37_MDD_DSM,Major Depressive Disorder,https://www.ncbi.nlm.nih.gov/books/NBK559078/,https://www.ncbi.nlm.nih.gov/books/NBK559078/,1,,not_audited,diagnostic framework summary; citation count not applicable,"Persistent sadness, emptiness, low mood, or despair as an observable symptom attribute.","Feeling depressed, empty, miserable, sad all day, emotionally low, unable to feel okay.",Situational sadness that is brief and not persistent or impairing.,"depressed_mood_language. Definition: Persistent sadness, emptiness, low mood, or despair as an observable symptom attribute. What counts: Feeling depressed, empty, miserable, sad all day, emotionally low, unable to feel okay. What does not count: Situational sadness that is brief and not persistent or impairing.","Major Depressive Disorder | StatPearls / NCBI Bookshelf (2023) | DSM-style depressive episode attributes | diagnostic attribute | Observable symptoms and dimensional psychopathology attributes from DSM/ICD/RDoC/HiTOP-style frameworks, without diagnosis labels.",1,1,1,,,,,,,,,,,,,,,"Major Depressive Disorder | StatPearls / NCBI Bookshelf (2023) | DSM-style depressive episode attributes | diagnostic attribute | Observable symptoms and dimensional psychopathology attributes from DSM/ICD/RDoC/HiTOP-style frameworks, without diagnosis labels.",,no_audit_include,27,1
anhedonia_interest_loss,Psychiatric and transdiagnostic symptom expression,Psychiatric and transdiagnostic symptom expression,S37_MDD_DSM,Major Depressive Disorder,https://www.ncbi.nlm.nih.gov/books/NBK559078/,https://www.ncbi.nlm.nih.gov/books/NBK559078/,1,,not_audited,diagnostic framework summary; citation count not applicable,"Loss of interest, pleasure, or ability to enjoy valued activities.","Nothing enjoyable, hobbies pointless, cannot feel pleasure, stopped caring about things once liked.","Changing interests, boredom with one task, or lack of time.","anhedonia_interest_loss. Definition: Loss of interest, pleasure, or ability to enjoy valued activities. What counts: Nothing enjoyable, hobbies pointless, cannot feel pleasure, stopped caring about things once liked. What does not count: Changing interests, boredom with one task, or lack of time.","Major Depressive Disorder | StatPearls / NCBI Bookshelf (2023) | DSM-style depressive episode attributes | diagnostic attribute | Observable symptoms and dimensional psychopathology attributes from DSM/ICD/RDoC/HiTOP-style frameworks, without diagnosis labels.",1,1,1,,,,,,,,,,,,,,,"Major Depressive Disorder | StatPearls / NCBI Bookshelf (2023) | DSM-style depressive episode attributes | diagnostic attribute | Observable symptoms and dimensional psychopathology attributes from DSM/ICD/RDoC/HiTOP-style frameworks, without diagnosis labels.",,no_audit_include,28,2
sleep_disturbance,Psychiatric and transdiagnostic symptom expression,Psychiatric and transdiagnostic symptom expression,S23_SLEEP_META,Meta-analysis of sleep disturbance and suicidal thoughts and behaviors,https://pubmed.ncbi.nlm.nih.gov/23059158/,https://pubmed.ncbi.nlm.nih.gov/23059158/,1,,not_audited,"~808 OpenAlex, checked 2026-06-11","Insomnia, hypersomnia, nightmares, or poor sleep tied to distress/function.","Cannot sleep, sleeping all day, waking repeatedly, sleep ruined by anxiety/sadness.",Choosing to stay up late for entertainment without distress or impairment.,"sleep_disturbance. Definition: Insomnia, hypersomnia, nightmares, or poor sleep tied to distress/function. What counts: Cannot sleep, sleeping all day, waking repeatedly, sleep ruined by anxiety/sadness. What does not count: Choosing to stay up late for entertainment without distress or impairment.","Meta-analysis of sleep disturbance and suicidal thoughts and behaviors | Journal of Clinical Psychiatry (2012) | Sleep disturbance evidence | symptom attribute | Observable symptoms and dimensional psychopathology attributes from DSM/ICD/RDoC/HiTOP-style frameworks, without diagnosis labels.",1,1,1,,,,,,,,,,,,,,,"Meta-analysis of sleep disturbance and suicidal thoughts and behaviors | Journal of Clinical Psychiatry (2012) | Sleep disturbance evidence | symptom attribute | Observable symptoms and dimensional psychopathology attributes from DSM/ICD/RDoC/HiTOP-style frameworks, without diagnosis labels.",,no_audit_include,29,3
nightmare_distress,Psychiatric and transdiagnostic symptom expression,Psychiatric and transdiagnostic symptom expression,S23_SLEEP_META,Meta-analysis of sleep disturbance and suicidal thoughts and behaviors,https://pubmed.ncbi.nlm.nih.gov/23059158/,https://pubmed.ncbi.nlm.nih.gov/23059158/,1,,not_audited,"~808 OpenAlex, checked 2026-06-11",Nightmares or disturbing dreams causing distress or impairment.,"Recurring nightmares, trauma dreams, waking panicked, afraid to sleep because of dreams.","A strange dream mentioned casually without recurrence, fear, sleep avoidance, or impairment.","nightmare_distress. Definition: Nightmares or disturbing dreams causing distress or impairment. What counts: Recurring nightmares, trauma dreams, waking panicked, afraid to sleep because of dreams. What does not count: A strange dream mentioned casually without recurrence, fear, sleep avoidance, or impairment.","Meta-analysis of sleep disturbance and suicidal thoughts and behaviors | Journal of Clinical Psychiatry (2012) | Sleep disturbance evidence | symptom attribute | Observable symptoms and dimensional psychopathology attributes from DSM/ICD/RDoC/HiTOP-style frameworks, without diagnosis labels.",1,1,1,,,,,,,,,,,,,,,"Meta-analysis of sleep disturbance and suicidal thoughts and behaviors | Journal of Clinical Psychiatry (2012) | Sleep disturbance evidence | symptom attribute | Observable symptoms and dimensional psychopathology attributes from DSM/ICD/RDoC/HiTOP-style frameworks, without diagnosis labels.",,no_audit_include,30,4
fatigue_low_energy,Psychiatric and transdiagnostic symptom expression,Psychiatric and transdiagnostic symptom expression,S37_MDD_DSM,Major Depressive Disorder,https://www.ncbi.nlm.nih.gov/books/NBK559078/,https://www.ncbi.nlm.nih.gov/books/NBK559078/,1,,not_audited,diagnostic framework summary; citation count not applicable,Low energy or exhaustion beyond ordinary tiredness.,"Too exhausted to function, no energy to shower/eat/work, body feels drained.",Normal tiredness after work/exercise or temporary sleepiness.,"fatigue_low_energy. Definition: Low energy or exhaustion beyond ordinary tiredness. What counts: Too exhausted to function, no energy to shower/eat/work, body feels drained. What does not count: Normal tiredness after work/exercise or temporary sleepiness.","Major Depressive Disorder | StatPearls / NCBI Bookshelf (2023) | DSM-style depressive episode attributes | diagnostic attribute | Observable symptoms and dimensional psychopathology attributes from DSM/ICD/RDoC/HiTOP-style frameworks, without diagnosis labels.",1,1,1,,,,,,,,,,,,,,,"Major Depressive Disorder | StatPearls / NCBI Bookshelf (2023) | DSM-style depressive episode attributes | diagnostic attribute | Observable symptoms and dimensional psychopathology attributes from DSM/ICD/RDoC/HiTOP-style frameworks, without diagnosis labels.",,no_audit_include,31,5
appetite_weight_change,Psychiatric and transdiagnostic symptom expression,Psychiatric and transdiagnostic symptom expression,S37_MDD_DSM,Major Depressive Disorder,https://www.ncbi.nlm.nih.gov/books/NBK559078/,https://www.ncbi.nlm.nih.gov/books/NBK559078/,1,,not_audited,diagnostic framework summary; citation count not applicable,Marked appetite or weight change connected to mental state.,"Cannot eat, binge eating due to distress, major weight loss/gain, appetite gone.","Dieting, normal hunger, food preference, or medical-only appetite issue without mental-state link.","appetite_weight_change. Definition: Marked appetite or weight change connected to mental state. What counts: Cannot eat, binge eating due to distress, major weight loss/gain, appetite gone. What does not count: Dieting, normal hunger, food preference, or medical-only appetite issue without mental-state link.","Major Depressive Disorder | StatPearls / NCBI Bookshelf (2023) | DSM-style depressive episode attributes | diagnostic attribute | Observable symptoms and dimensional psychopathology attributes from DSM/ICD/RDoC/HiTOP-style frameworks, without diagnosis labels.",1,1,1,,,,,,,,,,,,,,,"Major Depressive Disorder | StatPearls / NCBI Bookshelf (2023) | DSM-style depressive episode attributes | diagnostic attribute | Observable symptoms and dimensional psychopathology attributes from DSM/ICD/RDoC/HiTOP-style frameworks, without diagnosis labels.",,no_audit_include,32,6
concentration_impairment,Psychiatric and transdiagnostic symptom expression,Psychiatric and transdiagnostic symptom expression,S37_MDD_DSM,Major Depressive Disorder,https://www.ncbi.nlm.nih.gov/books/NBK559078/,https://www.ncbi.nlm.nih.gov/books/NBK559078/,1,,not_audited,diagnostic framework summary; citation count not applicable,"Difficulty focusing, deciding, remembering, or thinking clearly.","Cannot concentrate, brain fog, cannot make decisions, reading/work impossible because mind fails.",Distraction from a noisy room or routine procrastination.,"concentration_impairment. Definition: Difficulty focusing, deciding, remembering, or thinking clearly. What counts: Cannot concentrate, brain fog, cannot make decisions, reading/work impossible because mind fails. What does not count: Distraction from a noisy room or routine procrastination.","Major Depressive Disorder | StatPearls / NCBI Bookshelf (2023) | DSM-style depressive episode attributes | diagnostic attribute | Observable symptoms and dimensional psychopathology attributes from DSM/ICD/RDoC/HiTOP-style frameworks, without diagnosis labels.",1,1,1,,,,,,,,,,,,,,,"Major Depressive Disorder | StatPearls / NCBI Bookshelf (2023) | DSM-style depressive episode attributes | diagnostic attribute | Observable symptoms and dimensional psychopathology attributes from DSM/ICD/RDoC/HiTOP-style frameworks, without diagnosis labels.",,no_audit_include,33,7
psychomotor_change,Psychiatric and transdiagnostic symptom expression,Psychiatric and transdiagnostic symptom expression,S37_MDD_DSM,Major Depressive Disorder,https://www.ncbi.nlm.nih.gov/books/NBK559078/,https://www.ncbi.nlm.nih.gov/books/NBK559078/,1,,not_audited,diagnostic framework summary; citation count not applicable,"Observable slowing, restlessness, or agitation linked to mood/anxiety state.","Cannot sit still, pacing, slowed movement, frozen in bed, moving like everything is heavy.","Being busy, energetic, or physically tired without agitation/slowing.","psychomotor_change. Definition: Observable slowing, restlessness, or agitation linked to mood/anxiety state. What counts: Cannot sit still, pacing, slowed movement, frozen in bed, moving like everything is heavy. What does not count: Being busy, energetic, or physically tired without agitation/slowing.","Major Depressive Disorder | StatPearls / NCBI Bookshelf (2023) | DSM-style depressive episode attributes | diagnostic attribute | Observable symptoms and dimensional psychopathology attributes from DSM/ICD/RDoC/HiTOP-style frameworks, without diagnosis labels.",1,1,1,,,,,,,,,,,,,,,"Major Depressive Disorder | StatPearls / NCBI Bookshelf (2023) | DSM-style depressive episode attributes | diagnostic attribute | Observable symptoms and dimensional psychopathology attributes from DSM/ICD/RDoC/HiTOP-style frameworks, without diagnosis labels.",,no_audit_include,34,8
generalized_anxiety_worry,Psychiatric and transdiagnostic symptom expression,Psychiatric and transdiagnostic symptom expression,S28_ANXIETY_META,The association between anxiety disorders and suicidal behaviors: a systematic review and meta-analysis,https://pubmed.ncbi.nlm.nih.gov/23408488/,https://pubmed.ncbi.nlm.nih.gov/23408488/,1,,not_audited,"~263 OpenAlex, checked 2026-06-11","Persistent worry, tension, or anxious anticipation.","Constant worry, cannot relax, what-if thoughts, dread about many things, anxiety controls life.",Reasonable concern about one concrete upcoming task.,"generalized_anxiety_worry. Definition: Persistent worry, tension, or anxious anticipation. What counts: Constant worry, cannot relax, what-if thoughts, dread about many things, anxiety controls life. What does not count: Reasonable concern about one concrete upcoming task.","The association between anxiety disorders and suicidal behaviors: a systematic review and meta-analysis | Depression and Anxiety / related literature (2013) | Anxiety risk evidence | transdiagnostic symptom | Observable symptoms and dimensional psychopathology attributes from DSM/ICD/RDoC/HiTOP-style frameworks, without diagnosis labels.",1,1,1,,,,,,,,,,,,,,,"The association between anxiety disorders and suicidal behaviors: a systematic review and meta-analysis | Depression and Anxiety / related literature (2013) | Anxiety risk evidence | transdiagnostic symptom | Observable symptoms and dimensional psychopathology attributes from DSM/ICD/RDoC/HiTOP-style frameworks, without diagnosis labels.",,no_audit_include,35,9
panic_arousal,Psychiatric and transdiagnostic symptom expression,Psychiatric and transdiagnostic symptom expression,S28_ANXIETY_META,The association between anxiety disorders and suicidal behaviors: a systematic review and meta-analysis,https://pubmed.ncbi.nlm.nih.gov/23408488/,https://pubmed.ncbi.nlm.nih.gov/23408488/,1,,not_audited,"~263 OpenAlex, checked 2026-06-11","Acute panic-like arousal, fear surge, or body alarm state.","Panic attack, heart racing, cannot breathe, shaking, terror surge, fear of losing control.",Healthy excitement or brief nervousness.,"panic_arousal. Definition: Acute panic-like arousal, fear surge, or body alarm state. What counts: Panic attack, heart racing, cannot breathe, shaking, terror surge, fear of losing control. What does not count: Healthy excitement or brief nervousness.","The association between anxiety disorders and suicidal behaviors: a systematic review and meta-analysis | Depression and Anxiety / related literature (2013) | Anxiety risk evidence | transdiagnostic symptom | Observable symptoms and dimensional psychopathology attributes from DSM/ICD/RDoC/HiTOP-style frameworks, without diagnosis labels.",1,1,1,,,,,,,,,,,,,,,"The association between anxiety disorders and suicidal behaviors: a systematic review and meta-analysis | Depression and Anxiety / related literature (2013) | Anxiety risk evidence | transdiagnostic symptom | Observable symptoms and dimensional psychopathology attributes from DSM/ICD/RDoC/HiTOP-style frameworks, without diagnosis labels.",,no_audit_include,36,10
social_anxiety_fear_of_judgment,Psychiatric and transdiagnostic symptom expression,Psychiatric and transdiagnostic symptom expression,S28_ANXIETY_META,The association between anxiety disorders and suicidal behaviors: a systematic review and meta-analysis,https://pubmed.ncbi.nlm.nih.gov/23408488/,https://pubmed.ncbi.nlm.nih.gov/23408488/,1,,not_audited,"~263 OpenAlex, checked 2026-06-11","Fear of scrutiny, embarrassment, or negative evaluation by others.","Terrified of being judged, embarrassed in public, cannot speak to people, social fear.",Preference for privacy or ordinary shyness without distress/avoidance.,"social_anxiety_fear_of_judgment. Definition: Fear of scrutiny, embarrassment, or negative evaluation by others. What counts: Terrified of being judged, embarrassed in public, cannot speak to people, social fear. What does not count: Preference for privacy or ordinary shyness without distress/avoidance.","The association between anxiety disorders and suicidal behaviors: a systematic review and meta-analysis | Depression and Anxiety / related literature (2013) | Anxiety risk evidence | transdiagnostic symptom | Observable symptoms and dimensional psychopathology attributes from DSM/ICD/RDoC/HiTOP-style frameworks, without diagnosis labels.",1,1,1,,,,,,,,,,,,,,,"The association between anxiety disorders and suicidal behaviors: a systematic review and meta-analysis | Depression and Anxiety / related literature (2013) | Anxiety risk evidence | transdiagnostic symptom | Observable symptoms and dimensional psychopathology attributes from DSM/ICD/RDoC/HiTOP-style frameworks, without diagnosis labels.",,no_audit_include,37,11
trauma_intrusion_reexperiencing,Psychiatric and transdiagnostic symptom expression,Psychiatric and transdiagnostic symptom expression,S38_PTSD_CPTSD,Complex PTSD: Australian Guidelines / ICD-11 CPTSD summary,https://www.phoenixaustralia.org/wp-content/uploads/2022/08/Chapter-7.-CPTSD.pdf,https://www.phoenixaustralia.org/wp-content/uploads/2022/08/Chapter-7.-CPTSD.pdf,1,,not_audited,diagnostic framework/guidance; citation count not applicable,"Intrusive memories, flashbacks, or reliving trauma.","Flashbacks, intrusive trauma memories, trauma nightmares, reliving it as if now.",Remembering a bad event voluntarily without intrusion/reliving.,"trauma_intrusion_reexperiencing. Definition: Intrusive memories, flashbacks, or reliving trauma. What counts: Flashbacks, intrusive trauma memories, trauma nightmares, reliving it as if now. What does not count: Remembering a bad event voluntarily without intrusion/reliving.","Complex PTSD: Australian Guidelines / ICD-11 CPTSD summary | Phoenix Australia; ICD-11-informed guidance (2022) | ICD-11 PTSD/CPTSD | diagnostic attribute | Observable symptoms and dimensional psychopathology attributes from DSM/ICD/RDoC/HiTOP-style frameworks, without diagnosis labels.",1,1,1,,,,,,,,,,,,,,,"Complex PTSD: Australian Guidelines / ICD-11 CPTSD summary | Phoenix Australia; ICD-11-informed guidance (2022) | ICD-11 PTSD/CPTSD | diagnostic attribute | Observable symptoms and dimensional psychopathology attributes from DSM/ICD/RDoC/HiTOP-style frameworks, without diagnosis labels.",,no_audit_include,38,12
trauma_avoidance,Psychiatric and transdiagnostic symptom expression,Psychiatric and transdiagnostic symptom expression,S38_PTSD_CPTSD,Complex PTSD: Australian Guidelines / ICD-11 CPTSD summary,https://www.phoenixaustralia.org/wp-content/uploads/2022/08/Chapter-7.-CPTSD.pdf,https://www.phoenixaustralia.org/wp-content/uploads/2022/08/Chapter-7.-CPTSD.pdf,1,,not_audited,diagnostic framework/guidance; citation count not applicable,"Avoidance of trauma reminders, thoughts, places, people, or feelings.","Avoiding reminders, cannot talk about it, avoiding places/people linked to trauma.",Avoiding ordinary disliked tasks without trauma link.,"trauma_avoidance. Definition: Avoidance of trauma reminders, thoughts, places, people, or feelings. What counts: Avoiding reminders, cannot talk about it, avoiding places/people linked to trauma. What does not count: Avoiding ordinary disliked tasks without trauma link.","Complex PTSD: Australian Guidelines / ICD-11 CPTSD summary | Phoenix Australia; ICD-11-informed guidance (2022) | ICD-11 PTSD/CPTSD | diagnostic attribute | Observable symptoms and dimensional psychopathology attributes from DSM/ICD/RDoC/HiTOP-style frameworks, without diagnosis labels.",1,1,1,,,,,,,,,,,,,,,"Complex PTSD: Australian Guidelines / ICD-11 CPTSD summary | Phoenix Australia; ICD-11-informed guidance (2022) | ICD-11 PTSD/CPTSD | diagnostic attribute | Observable symptoms and dimensional psychopathology attributes from DSM/ICD/RDoC/HiTOP-style frameworks, without diagnosis labels.",,no_audit_include,39,13
hypervigilance_threat_reactivity,Psychiatric and transdiagnostic symptom expression,Psychiatric and transdiagnostic symptom expression,S38_PTSD_CPTSD,Complex PTSD: Australian Guidelines / ICD-11 CPTSD summary,https://www.phoenixaustralia.org/wp-content/uploads/2022/08/Chapter-7.-CPTSD.pdf,https://www.phoenixaustralia.org/wp-content/uploads/2022/08/Chapter-7.-CPTSD.pdf,1,,not_audited,diagnostic framework/guidance; citation count not applicable,Persistent heightened threat response such as hypervigilance or startle.,"Always on guard, jumpy, scanning danger, hypervigilant, easily startled after trauma.","Normal caution in a dangerous setting without persistent startle, scanning, or trauma-linked threat response.","hypervigilance_threat_reactivity. Definition: Persistent heightened threat response such as hypervigilance or startle. What counts: Always on guard, jumpy, scanning danger, hypervigilant, easily startled after trauma. What does not count: Normal caution in a dangerous setting without persistent startle, scanning, or trauma-linked threat response.","Complex PTSD: Australian Guidelines / ICD-11 CPTSD summary | Phoenix Australia; ICD-11-informed guidance (2022) | ICD-11 PTSD/CPTSD | diagnostic attribute | Observable symptoms and dimensional psychopathology attributes from DSM/ICD/RDoC/HiTOP-style frameworks, without diagnosis labels.",1,1,1,,,,,,,,,,,,,,,"Complex PTSD: Australian Guidelines / ICD-11 CPTSD summary | Phoenix Australia; ICD-11-informed guidance (2022) | ICD-11 PTSD/CPTSD | diagnostic attribute | Observable symptoms and dimensional psychopathology attributes from DSM/ICD/RDoC/HiTOP-style frameworks, without diagnosis labels.",,no_audit_include,40,14
dissociation_detachment,Psychiatric and transdiagnostic symptom expression,Psychiatric and transdiagnostic symptom expression,S38_PTSD_CPTSD,Complex PTSD: Australian Guidelines / ICD-11 CPTSD summary,https://www.phoenixaustralia.org/wp-content/uploads/2022/08/Chapter-7.-CPTSD.pdf,https://www.phoenixaustralia.org/wp-content/uploads/2022/08/Chapter-7.-CPTSD.pdf,1,,not_audited,diagnostic framework/guidance; citation count not applicable,"Feeling unreal, detached from body/self/world, or dissociated under stress.","Dissociating, depersonalization, derealization, watching self from outside, world unreal.",Daydreaming or distraction without detachment/unreality.,"dissociation_detachment. Definition: Feeling unreal, detached from body/self/world, or dissociated under stress. What counts: Dissociating, depersonalization, derealization, watching self from outside, world unreal. What does not count: Daydreaming or distraction without detachment/unreality.","Complex PTSD: Australian Guidelines / ICD-11 CPTSD summary | Phoenix Australia; ICD-11-informed guidance (2022) | ICD-11 PTSD/CPTSD | diagnostic attribute | Observable symptoms and dimensional psychopathology attributes from DSM/ICD/RDoC/HiTOP-style frameworks, without diagnosis labels.",1,1,1,,,,,,,,,,,,,,,"Complex PTSD: Australian Guidelines / ICD-11 CPTSD summary | Phoenix Australia; ICD-11-informed guidance (2022) | ICD-11 PTSD/CPTSD | diagnostic attribute | Observable symptoms and dimensional psychopathology attributes from DSM/ICD/RDoC/HiTOP-style frameworks, without diagnosis labels.",,no_audit_include,41,15
manic_activation_decreased_sleep,Psychiatric and transdiagnostic symptom expression,Psychiatric and transdiagnostic symptom expression,S41_BIPOLAR_MANIA,Bipolar Disorder,https://www.ncbi.nlm.nih.gov/books/NBK558998/,https://www.ncbi.nlm.nih.gov/books/NBK558998/,1,,not_audited,diagnostic framework summary; citation count not applicable,High activation with decreased need for sleep or unusually elevated/irritable energy.,"Needing little sleep, wired for days, unusually energized, racing activity, elevated or irritable activation.","Normal productivity, excitement, or one late night without unusually elevated/irritable activation.","manic_activation_decreased_sleep. Definition: High activation with decreased need for sleep or unusually elevated/irritable energy. What counts: Needing little sleep, wired for days, unusually energized, racing activity, elevated or irritable activation. What does not count: Normal productivity, excitement, or one late night without unusually elevated/irritable activation.","Bipolar Disorder | StatPearls / NCBI Bookshelf (2024) | Bipolar/mania attributes | diagnostic attribute | Observable symptoms and dimensional psychopathology attributes from DSM/ICD/RDoC/HiTOP-style frameworks, without diagnosis labels.",1,1,1,,,,,,,,,,,,,,,"Bipolar Disorder | StatPearls / NCBI Bookshelf (2024) | Bipolar/mania attributes | diagnostic attribute | Observable symptoms and dimensional psychopathology attributes from DSM/ICD/RDoC/HiTOP-style frameworks, without diagnosis labels.",,no_audit_include,42,16
racing_thoughts_or_pressured_speech,Psychiatric and transdiagnostic symptom expression,Psychiatric and transdiagnostic symptom expression,S41_BIPOLAR_MANIA,Bipolar Disorder,https://www.ncbi.nlm.nih.gov/books/NBK558998/,https://www.ncbi.nlm.nih.gov/books/NBK558998/,1,,not_audited,diagnostic framework summary; citation count not applicable,"Racing thoughts, pressured speech, or accelerated mental tempo.","Thoughts racing, cannot slow mind, talking fast, ideas jumping, pressured speech.",Excitement about an idea without impairment.,"racing_thoughts_or_pressured_speech. Definition: Racing thoughts, pressured speech, or accelerated mental tempo. What counts: Thoughts racing, cannot slow mind, talking fast, ideas jumping, pressured speech. What does not count: Excitement about an idea without impairment.","Bipolar Disorder | StatPearls / NCBI Bookshelf (2024) | Bipolar/mania attributes | diagnostic attribute | Observable symptoms and dimensional psychopathology attributes from DSM/ICD/RDoC/HiTOP-style frameworks, without diagnosis labels.",1,1,1,,,,,,,,,,,,,,,"Bipolar Disorder | StatPearls / NCBI Bookshelf (2024) | Bipolar/mania attributes | diagnostic attribute | Observable symptoms and dimensional psychopathology attributes from DSM/ICD/RDoC/HiTOP-style frameworks, without diagnosis labels.",,no_audit_include,43,17
psychotic_like_experiences,Psychiatric and transdiagnostic symptom expression,Psychiatric and transdiagnostic symptom expression,S42_PSYCHOSIS,Psychosis,https://www.ncbi.nlm.nih.gov/books/NBK546579/,https://www.ncbi.nlm.nih.gov/books/NBK546579/,1,,not_audited,diagnostic framework summary; citation count not applicable,"Unusual perceptual experiences, delusions, paranoia, or disorganized reality testing.","Hearing/seeing things, paranoid beliefs, delusional conviction, thoughts disorganized, reality distorted.","Metaphor, spiritual belief, or creative writing without impaired reality testing.","psychotic_like_experiences. Definition: Unusual perceptual experiences, delusions, paranoia, or disorganized reality testing. What counts: Hearing/seeing things, paranoid beliefs, delusional conviction, thoughts disorganized, reality distorted. What does not count: Metaphor, spiritual belief, or creative writing without impaired reality testing.","Psychosis | StatPearls / NCBI Bookshelf (2024) | Psychosis attributes | diagnostic attribute | Observable symptoms and dimensional psychopathology attributes from DSM/ICD/RDoC/HiTOP-style frameworks, without diagnosis labels.",1,1,1,,,,,,,,,,,,,,,"Psychosis | StatPearls / NCBI Bookshelf (2024) | Psychosis attributes | diagnostic attribute | Observable symptoms and dimensional psychopathology attributes from DSM/ICD/RDoC/HiTOP-style frameworks, without diagnosis labels.",,no_audit_include,44,18
somatic_distress_or_health_anxiety,Psychiatric and transdiagnostic symptom expression,Psychiatric and transdiagnostic symptom expression,S36_HITOP,Integrating the Hierarchical Taxonomy of Psychopathology (HiTOP) into clinical practice,https://pmc.ncbi.nlm.nih.gov/articles/PMC6859953/,https://pmc.ncbi.nlm.nih.gov/articles/PMC6859953/,1,,not_audited,"~333 OpenAlex, checked 2026-06-11",Distressing bodily symptoms or health worries as mental-health burden.,"Persistent unexplained symptoms, fear of illness, body complaints tied to anxiety/distress.",Known acute illness with no distress amplification.,"somatic_distress_or_health_anxiety. Definition: Distressing bodily symptoms or health worries as mental-health burden. What counts: Persistent unexplained symptoms, fear of illness, body complaints tied to anxiety/distress. What does not count: Known acute illness with no distress amplification.","Integrating the Hierarchical Taxonomy of Psychopathology (HiTOP) into clinical practice | Journal of Consulting and Clinical Psychology / PMC overview (2019) | HiTOP | transdiagnostic symptom | Observable symptoms and dimensional psychopathology attributes from DSM/ICD/RDoC/HiTOP-style frameworks, without diagnosis labels.",1,1,1,,,,,,,,,,,,,,,"Integrating the Hierarchical Taxonomy of Psychopathology (HiTOP) into clinical practice | Journal of Consulting and Clinical Psychology / PMC overview (2019) | HiTOP | transdiagnostic symptom | Observable symptoms and dimensional psychopathology attributes from DSM/ICD/RDoC/HiTOP-style frameworks, without diagnosis labels.",,no_audit_include,45,19
body_image_distress,Psychiatric and transdiagnostic symptom expression,Psychiatric and transdiagnostic symptom expression,S43_EATING_ATTR,Eating Disorders,https://www.ncbi.nlm.nih.gov/books/?term=eating+disorders+StatPearls,https://www.ncbi.nlm.nih.gov/books/?term=eating+disorders+StatPearls,1,,not_audited,diagnostic framework summary; citation count not applicable,"Distress, shame, or preoccupation about body shape, weight, or appearance.","Hating body, body shame, weight/shape obsession, appearance disgust controlling mood.",Routine fitness goals or mild appearance preference.,"body_image_distress. Definition: Distress, shame, or preoccupation about body shape, weight, or appearance. What counts: Hating body, body shame, weight/shape obsession, appearance disgust controlling mood. What does not count: Routine fitness goals or mild appearance preference.","Eating Disorders | StatPearls / NCBI Bookshelf (2024) | Eating-disorder attributes | diagnostic attribute | Observable symptoms and dimensional psychopathology attributes from DSM/ICD/RDoC/HiTOP-style frameworks, without diagnosis labels.",1,1,1,,,,,,,,,,,,,,,"Eating Disorders | StatPearls / NCBI Bookshelf (2024) | Eating-disorder attributes | diagnostic attribute | Observable symptoms and dimensional psychopathology attributes from DSM/ICD/RDoC/HiTOP-style frameworks, without diagnosis labels.",,no_audit_include,46,20
disordered_eating_behavior,Psychiatric and transdiagnostic symptom expression,Psychiatric and transdiagnostic symptom expression,S43_EATING_ATTR,Eating Disorders,https://www.ncbi.nlm.nih.gov/books/?term=eating+disorders+StatPearls,https://www.ncbi.nlm.nih.gov/books/?term=eating+disorders+StatPearls,1,,not_audited,diagnostic framework summary; citation count not applicable,"Restrictive eating, bingeing, purging, or eating behavior driven by distress/body concerns.","Starving, binge/purge, laxatives, compulsive restriction, eating rules causing impairment.",Ordinary dieting or appetite change without disordered pattern.,"disordered_eating_behavior. Definition: Restrictive eating, bingeing, purging, or eating behavior driven by distress/body concerns. What counts: Starving, binge/purge, laxatives, compulsive restriction, eating rules causing impairment. What does not count: Ordinary dieting or appetite change without disordered pattern.","Eating Disorders | StatPearls / NCBI Bookshelf (2024) | Eating-disorder attributes | diagnostic attribute | Observable symptoms and dimensional psychopathology attributes from DSM/ICD/RDoC/HiTOP-style frameworks, without diagnosis labels.",1,1,1,,,,,,,,,,,,,,,"Eating Disorders | StatPearls / NCBI Bookshelf (2024) | Eating-disorder attributes | diagnostic attribute | Observable symptoms and dimensional psychopathology attributes from DSM/ICD/RDoC/HiTOP-style frameworks, without diagnosis labels.",,no_audit_include,47,21
substance_craving_impaired_control,Psychiatric and transdiagnostic symptom expression,Psychiatric and transdiagnostic symptom expression,S40_SUD_DSM,DSM-5 Criteria for Substance Use Disorders,https://pmc.ncbi.nlm.nih.gov/articles/PMC3767415/,https://pmc.ncbi.nlm.nih.gov/articles/PMC3767415/,1,,not_audited,diagnostic framework summary; citation count not applicable,Craving or impaired control over alcohol/drug use.,"Cannot stop drinking/using, cravings, using more than intended, failed cut-down attempts.",Occasional use without craving or control loss.,"substance_craving_impaired_control. Definition: Craving or impaired control over alcohol/drug use. What counts: Cannot stop drinking/using, cravings, using more than intended, failed cut-down attempts. What does not count: Occasional use without craving or control loss.","DSM-5 Criteria for Substance Use Disorders | PMC DSM-5 criteria summary (2013) | Substance use disorder attributes | diagnostic attribute | Observable symptoms and dimensional psychopathology attributes from DSM/ICD/RDoC/HiTOP-style frameworks, without diagnosis labels.",1,1,1,,,,,,,,,,,,,,,"DSM-5 Criteria for Substance Use Disorders | PMC DSM-5 criteria summary (2013) | Substance use disorder attributes | diagnostic attribute | Observable symptoms and dimensional psychopathology attributes from DSM/ICD/RDoC/HiTOP-style frameworks, without diagnosis labels.",,no_audit_include,48,22
withdrawal_or_tolerance_context,Psychiatric and transdiagnostic symptom expression,Psychiatric and transdiagnostic symptom expression,S40_SUD_DSM,DSM-5 Criteria for Substance Use Disorders,https://pmc.ncbi.nlm.nih.gov/articles/PMC3767415/,https://pmc.ncbi.nlm.nih.gov/articles/PMC3767415/,1,,not_audited,diagnostic framework summary; citation count not applicable,"Withdrawal, tolerance, or escalating substance need.","Withdrawal symptoms, needing more to feel effect, using to avoid withdrawal, tolerance increasing.",One-time hangover or ordinary caffeine tolerance without impairment.,"withdrawal_or_tolerance_context. Definition: Withdrawal, tolerance, or escalating substance need. What counts: Withdrawal symptoms, needing more to feel effect, using to avoid withdrawal, tolerance increasing. What does not count: One-time hangover or ordinary caffeine tolerance without impairment.","DSM-5 Criteria for Substance Use Disorders | PMC DSM-5 criteria summary (2013) | Substance use disorder attributes | diagnostic attribute | Observable symptoms and dimensional psychopathology attributes from DSM/ICD/RDoC/HiTOP-style frameworks, without diagnosis labels.",1,1,1,,,,,,,,,,,,,,,"DSM-5 Criteria for Substance Use Disorders | PMC DSM-5 criteria summary (2013) | Substance use disorder attributes | diagnostic attribute | Observable symptoms and dimensional psychopathology attributes from DSM/ICD/RDoC/HiTOP-style frameworks, without diagnosis labels.",,no_audit_include,49,23
hopelessness_future_negation,"Cognitive appraisal, hopelessness, and control","Cognitive appraisal, hopelessness, and control",S07_HOPELESSNESS_1985,Hopelessness and eventual suicide: a 10-year prospective study of patients hospitalized with suicidal ideation,https://pubmed.ncbi.nlm.nih.gov/3985195/,https://pubmed.ncbi.nlm.nih.gov/3985195/,1,,not_audited,"~1723 OpenAlex, checked 2026-06-11","Expectation that improvement, relief, or valued future outcomes are impossible.","No future, nothing will improve, always this way, no chance of relief, permanent negative future predictions.","Uncertainty, pessimism about one event, or temporary disappointment.","hopelessness_future_negation. Definition: Expectation that improvement, relief, or valued future outcomes are impossible. What counts: No future, nothing will improve, always this way, no chance of relief, permanent negative future predictions. What does not count: Uncertainty, pessimism about one event, or temporary disappointment.","Hopelessness and eventual suicide: a 10-year prospective study of patients hospitalized with suicidal ideation | American Journal of Psychiatry (1985) | Hopelessness theory / prospective risk | cognitive mechanism | Appraisals about future, defeat, escape, solvability, mental control, and rigid thinking.",1,1,1,,,,,,,,,,,,,,,"Hopelessness and eventual suicide: a 10-year prospective study of patients hospitalized with suicidal ideation | American Journal of Psychiatry (1985) | Hopelessness theory / prospective risk | cognitive mechanism | Appraisals about future, defeat, escape, solvability, mental control, and rigid thinking.",,no_audit_include,50,1
defeat_appraisal,"Cognitive appraisal, hopelessness, and control","Cognitive appraisal, hopelessness, and control",S05_CRY_PAIN_2009,Elaborating the cry of pain model of suicidality,https://pubmed.ncbi.nlm.nih.gov/19302734/,https://pubmed.ncbi.nlm.nih.gov/19302734/,1,,not_audited,"~159 OpenAlex, mechanism-source exception, checked 2026-06-11","Feeling beaten, failed, or defeated by life or circumstances.","Lost to life, beaten down, cannot win, total failure, life defeated me.",Losing a game or failing one task without global defeat.,"defeat_appraisal. Definition: Feeling beaten, failed, or defeated by life or circumstances. What counts: Lost to life, beaten down, cannot win, total failure, life defeated me. What does not count: Losing a game or failing one task without global defeat.","Elaborating the cry of pain model of suicidality | British Journal of Clinical Psychology (2009) | Cry of Pain model | cognitive mechanism | Appraisals about future, defeat, escape, solvability, mental control, and rigid thinking.",1,1,1,,,,,,,,,,,,,,,"Elaborating the cry of pain model of suicidality | British Journal of Clinical Psychology (2009) | Cry of Pain model | cognitive mechanism | Appraisals about future, defeat, escape, solvability, mental control, and rigid thinking.",,no_audit_include,51,2
entrapment_no_escape,"Cognitive appraisal, hopelessness, and control","Cognitive appraisal, hopelessness, and control",S05_CRY_PAIN_2009,Elaborating the cry of pain model of suicidality,https://pubmed.ncbi.nlm.nih.gov/19302734/,https://pubmed.ncbi.nlm.nih.gov/19302734/,1,,not_audited,"~159 OpenAlex, mechanism-source exception, checked 2026-06-11",Perception of being trapped in an intolerable situation with no acceptable exit.,"No way out, trapped forever, stuck in my mind/life, cannot escape this situation.","Being busy, obligated, or physically stuck briefly without intolerable no-exit meaning.","entrapment_no_escape. Definition: Perception of being trapped in an intolerable situation with no acceptable exit. What counts: No way out, trapped forever, stuck in my mind/life, cannot escape this situation. What does not count: Being busy, obligated, or physically stuck briefly without intolerable no-exit meaning.","Elaborating the cry of pain model of suicidality | British Journal of Clinical Psychology (2009) | Cry of Pain model | cognitive mechanism | Appraisals about future, defeat, escape, solvability, mental control, and rigid thinking.",1,1,1,,,,,,,,,,,,,,,"Elaborating the cry of pain model of suicidality | British Journal of Clinical Psychology (2009) | Cry of Pain model | cognitive mechanism | Appraisals about future, defeat, escape, solvability, mental control, and rigid thinking.",,no_audit_include,52,3
no_rescue_expectancy,"Cognitive appraisal, hopelessness, and control","Cognitive appraisal, hopelessness, and control",S05_CRY_PAIN_2009,Elaborating the cry of pain model of suicidality,https://pubmed.ncbi.nlm.nih.gov/19302734/,https://pubmed.ncbi.nlm.nih.gov/19302734/,1,,not_audited,"~159 OpenAlex, mechanism-source exception, checked 2026-06-11","Belief that help, rescue, or relief from others will not arrive.","Nobody can help, no one is coming, therapy cannot save me, support is impossible.",Not wanting help right now or not knowing whom to ask.,"no_rescue_expectancy. Definition: Belief that help, rescue, or relief from others will not arrive. What counts: Nobody can help, no one is coming, therapy cannot save me, support is impossible. What does not count: Not wanting help right now or not knowing whom to ask.","Elaborating the cry of pain model of suicidality | British Journal of Clinical Psychology (2009) | Cry of Pain model | cognitive mechanism | Appraisals about future, defeat, escape, solvability, mental control, and rigid thinking.",1,1,1,,,,,,,,,,,,,,,"Elaborating the cry of pain model of suicidality | British Journal of Clinical Psychology (2009) | Cry of Pain model | cognitive mechanism | Appraisals about future, defeat, escape, solvability, mental control, and rigid thinking.",,no_audit_include,53,4
perceived_unsolvability,"Cognitive appraisal, hopelessness, and control","Cognitive appraisal, hopelessness, and control",S08_COG_MODEL_2008,A cognitive model of suicidal behavior: Theory and treatment,https://www.semanticscholar.org/paper/A-cognitive-model-of-suicidal-behavior%3A-Theory-and-Wenzel-Beck/0ca5b31f39e453225c41ecf429a8f8f4c59b3db6,https://www.semanticscholar.org/paper/A-cognitive-model-of-suicidal-behavior%3A-Theory-and-Wenzel-Beck/0ca5b31f39e453225c41ecf429a8f8f4c59b3db6,1,,not_audited,"~478 OpenAlex, checked 2026-06-11",Belief that current problems cannot be solved by any action.,"Nothing can fix this, impossible problem, no solution exists, every route is closed.",Problem is hard or expensive but has known possible solutions.,"perceived_unsolvability. Definition: Belief that current problems cannot be solved by any action. What counts: Nothing can fix this, impossible problem, no solution exists, every route is closed. What does not count: Problem is hard or expensive but has known possible solutions.","A cognitive model of suicidal behavior: Theory and treatment | Applied and Preventive Psychology (2008) | Cognitive model / suicide mode | cognitive mechanism | Appraisals about future, defeat, escape, solvability, mental control, and rigid thinking.",1,1,1,,,,,,,,,,,,,,,"A cognitive model of suicidal behavior: Theory and treatment | Applied and Preventive Psychology (2008) | Cognitive model / suicide mode | cognitive mechanism | Appraisals about future, defeat, escape, solvability, mental control, and rigid thinking.",,no_audit_include,54,5
cognitive_rigidity_under_stress,"Cognitive appraisal, hopelessness, and control","Cognitive appraisal, hopelessness, and control",S08_COG_MODEL_2008,A cognitive model of suicidal behavior: Theory and treatment,https://www.semanticscholar.org/paper/A-cognitive-model-of-suicidal-behavior%3A-Theory-and-Wenzel-Beck/0ca5b31f39e453225c41ecf429a8f8f4c59b3db6,https://www.semanticscholar.org/paper/A-cognitive-model-of-suicidal-behavior%3A-Theory-and-Wenzel-Beck/0ca5b31f39e453225c41ecf429a8f8f4c59b3db6,1,,not_audited,"~478 OpenAlex, checked 2026-06-11","Rigid, inflexible thinking when distressed.","Cannot see alternatives, only one possible outcome, black-and-white appraisal, mentally stuck.",Strong preference or firm opinion with flexibility.,"cognitive_rigidity_under_stress. Definition: Rigid, inflexible thinking when distressed. What counts: Cannot see alternatives, only one possible outcome, black-and-white appraisal, mentally stuck. What does not count: Strong preference or firm opinion with flexibility.","A cognitive model of suicidal behavior: Theory and treatment | Applied and Preventive Psychology (2008) | Cognitive model / suicide mode | cognitive process | Appraisals about future, defeat, escape, solvability, mental control, and rigid thinking.",1,1,1,,,,,,,,,,,,,,,"A cognitive model of suicidal behavior: Theory and treatment | Applied and Preventive Psychology (2008) | Cognitive model / suicide mode | cognitive process | Appraisals about future, defeat, escape, solvability, mental control, and rigid thinking.",,no_audit_include,55,6
rumination_perseveration,"Cognitive appraisal, hopelessness, and control","Cognitive appraisal, hopelessness, and control",S08_COG_MODEL_2008,A cognitive model of suicidal behavior: Theory and treatment,https://www.semanticscholar.org/paper/A-cognitive-model-of-suicidal-behavior%3A-Theory-and-Wenzel-Beck/0ca5b31f39e453225c41ecf429a8f8f4c59b3db6,https://www.semanticscholar.org/paper/A-cognitive-model-of-suicidal-behavior%3A-Theory-and-Wenzel-Beck/0ca5b31f39e453225c41ecf429a8f8f4c59b3db6,1,,not_audited,"~478 OpenAlex, checked 2026-06-11","Repetitive, uncontrollable negative thinking.","Looping thoughts, cannot stop replaying, ruminating for hours/days, mind stuck on same pain.","Planning, analysis, or reflection that leads to action.","rumination_perseveration. Definition: Repetitive, uncontrollable negative thinking. What counts: Looping thoughts, cannot stop replaying, ruminating for hours/days, mind stuck on same pain. What does not count: Planning, analysis, or reflection that leads to action.","A cognitive model of suicidal behavior: Theory and treatment | Applied and Preventive Psychology (2008) | Cognitive model / suicide mode | cognitive process | Appraisals about future, defeat, escape, solvability, mental control, and rigid thinking.",1,1,1,,,,,,,,,,,,,,,"A cognitive model of suicidal behavior: Theory and treatment | Applied and Preventive Psychology (2008) | Cognitive model / suicide mode | cognitive process | Appraisals about future, defeat, escape, solvability, mental control, and rigid thinking.",,no_audit_include,56,7
loss_of_cognitive_control,"Cognitive appraisal, hopelessness, and control","Cognitive appraisal, hopelessness, and control",S11_SCS_2020,The Suicide Crisis Syndrome: A review of supporting evidence,https://pubmed.ncbi.nlm.nih.gov/?term=suicide+crisis+syndrome+entrapment+affective+disturbance+loss+of+cognitive+control,https://pubmed.ncbi.nlm.nih.gov/?term=suicide+crisis+syndrome+entrapment+affective+disturbance+loss+of+cognitive+control,1,,not_audited,"~150 OpenAlex, clinical-syndrome source exception, checked 2026-06-11","Feeling unable to control thoughts, attention, or mental state during crisis.","Mind out of control, thoughts racing into crisis, cannot control mental spiral, cognitive flooding.",Ordinary distraction or multitasking difficulty.,"loss_of_cognitive_control. Definition: Feeling unable to control thoughts, attention, or mental state during crisis. What counts: Mind out of control, thoughts racing into crisis, cannot control mental spiral, cognitive flooding. What does not count: Ordinary distraction or multitasking difficulty.","The Suicide Crisis Syndrome: A review of supporting evidence | Psychiatric Annals / review literature (2020) | Suicide Crisis Syndrome / Narrative Crisis Model | acute cognitive state | Appraisals about future, defeat, escape, solvability, mental control, and rigid thinking.",1,1,1,,,,,,,,,,,,,,,"The Suicide Crisis Syndrome: A review of supporting evidence | Psychiatric Annals / review literature (2020) | Suicide Crisis Syndrome / Narrative Crisis Model | acute cognitive state | Appraisals about future, defeat, escape, solvability, mental control, and rigid thinking.",,no_audit_include,57,8
attentional_fixation_on_crisis,"Cognitive appraisal, hopelessness, and control","Cognitive appraisal, hopelessness, and control",S08_COG_MODEL_2008,A cognitive model of suicidal behavior: Theory and treatment,https://www.semanticscholar.org/paper/A-cognitive-model-of-suicidal-behavior%3A-Theory-and-Wenzel-Beck/0ca5b31f39e453225c41ecf429a8f8f4c59b3db6,https://www.semanticscholar.org/paper/A-cognitive-model-of-suicidal-behavior%3A-Theory-and-Wenzel-Beck/0ca5b31f39e453225c41ecf429a8f8f4c59b3db6,1,,not_audited,"~478 OpenAlex, checked 2026-06-11","Attention repeatedly locked onto crisis cues, losses, or threat.","Cannot stop looking/thinking about trigger, obsessive checking, fixation on failure/rejection.",Brief concern or normal problem focus that can shift when needed.,"attentional_fixation_on_crisis. Definition: Attention repeatedly locked onto crisis cues, losses, or threat. What counts: Cannot stop looking/thinking about trigger, obsessive checking, fixation on failure/rejection. What does not count: Brief concern or normal problem focus that can shift when needed.","A cognitive model of suicidal behavior: Theory and treatment | Applied and Preventive Psychology (2008) | Cognitive model / suicide mode | cognitive process | Appraisals about future, defeat, escape, solvability, mental control, and rigid thinking.",1,1,1,,,,,,,,,,,,,,,"A cognitive model of suicidal behavior: Theory and treatment | Applied and Preventive Psychology (2008) | Cognitive model / suicide mode | cognitive process | Appraisals about future, defeat, escape, solvability, mental control, and rigid thinking.",,no_audit_include,58,9
problem_solving_deficit,"Cognitive appraisal, hopelessness, and control","Cognitive appraisal, hopelessness, and control",S08_COG_MODEL_2008,A cognitive model of suicidal behavior: Theory and treatment,https://www.semanticscholar.org/paper/A-cognitive-model-of-suicidal-behavior%3A-Theory-and-Wenzel-Beck/0ca5b31f39e453225c41ecf429a8f8f4c59b3db6,https://www.semanticscholar.org/paper/A-cognitive-model-of-suicidal-behavior%3A-Theory-and-Wenzel-Beck/0ca5b31f39e453225c41ecf429a8f8f4c59b3db6,1,,not_audited,"~478 OpenAlex, checked 2026-06-11",Difficulty generating or using practical solutions under distress.,"No idea what to do, every option fails, cannot solve basic problems, overwhelmed by choices.",Asking for advice on a normal practical issue.,"problem_solving_deficit. Definition: Difficulty generating or using practical solutions under distress. What counts: No idea what to do, every option fails, cannot solve basic problems, overwhelmed by choices. What does not count: Asking for advice on a normal practical issue.","A cognitive model of suicidal behavior: Theory and treatment | Applied and Preventive Psychology (2008) | Cognitive model / suicide mode | cognitive process | Appraisals about future, defeat, escape, solvability, mental control, and rigid thinking.",1,1,1,,,,,,,,,,,,,,,"A cognitive model of suicidal behavior: Theory and treatment | Applied and Preventive Psychology (2008) | Cognitive model / suicide mode | cognitive process | Appraisals about future, defeat, escape, solvability, mental control, and rigid thinking.",,no_audit_include,59,10
frustrative_nonreward,"Cognitive appraisal, hopelessness, and control","Cognitive appraisal, hopelessness, and control",S35_RDOC_NVS,RDoC Negative Valence Systems,https://www.nimh.nih.gov/research/research-funded-by-nimh/rdoc/constructs/negative-valence-systems,https://www.nimh.nih.gov/research/research-funded-by-nimh/rdoc/constructs/negative-valence-systems,1,,not_audited,research framework; citation count not applicable,"Distress from blocked goals, nonreward, or repeated thwarting of desired outcomes.","Trying and failing repeatedly, blocked from goal, no reward despite effort, intense frustration from thwarted hopes.",Ordinary inconvenience or mild disappointment.,"frustrative_nonreward. Definition: Distress from blocked goals, nonreward, or repeated thwarting of desired outcomes. What counts: Trying and failing repeatedly, blocked from goal, no reward despite effort, intense frustration from thwarted hopes. What does not count: Ordinary inconvenience or mild disappointment.","RDoC Negative Valence Systems | NIMH RDoC (current) | RDoC Negative Valence Systems | cognitive-affective process | Appraisals about future, defeat, escape, solvability, mental control, and rigid thinking.",1,1,1,,,,,,,,,,,,,,,"RDoC Negative Valence Systems | NIMH RDoC (current) | RDoC Negative Valence Systems | cognitive-affective process | Appraisals about future, defeat, escape, solvability, mental control, and rigid thinking.",,no_audit_include,60,11
catastrophizing_appraisal,"Cognitive appraisal, hopelessness, and control","Cognitive appraisal, hopelessness, and control",S08_COG_MODEL_2008,A cognitive model of suicidal behavior: Theory and treatment,https://www.semanticscholar.org/paper/A-cognitive-model-of-suicidal-behavior%3A-Theory-and-Wenzel-Beck/0ca5b31f39e453225c41ecf429a8f8f4c59b3db6,https://www.semanticscholar.org/paper/A-cognitive-model-of-suicidal-behavior%3A-Theory-and-Wenzel-Beck/0ca5b31f39e453225c41ecf429a8f8f4c59b3db6,1,,not_audited,"~478 OpenAlex, checked 2026-06-11",Appraisal that current events will lead to worst-case or intolerable outcomes.,"Everything is ruined, this will destroy my life, worst possible outcome is inevitable.",Realistic risk assessment or practical concern.,"catastrophizing_appraisal. Definition: Appraisal that current events will lead to worst-case or intolerable outcomes. What counts: Everything is ruined, this will destroy my life, worst possible outcome is inevitable. What does not count: Realistic risk assessment or practical concern.","A cognitive model of suicidal behavior: Theory and treatment | Applied and Preventive Psychology (2008) | Cognitive model / suicide mode | cognitive process | Appraisals about future, defeat, escape, solvability, mental control, and rigid thinking.",1,1,1,,,,,,,,,,,,,,,"A cognitive model of suicidal behavior: Theory and treatment | Applied and Preventive Psychology (2008) | Cognitive model / suicide mode | cognitive process | Appraisals about future, defeat, escape, solvability, mental control, and rigid thinking.",,no_audit_include,61,12
all_or_nothing_thinking,"Cognitive appraisal, hopelessness, and control","Cognitive appraisal, hopelessness, and control",S49_ABSOLUTIST_2018,"In an Absolute State: Elevated Use of Absolutist Words Is a Marker Specific to Anxiety, Depression, and Suicidal Ideation",https://pmc.ncbi.nlm.nih.gov/articles/PMC6376956/,https://pmc.ncbi.nlm.nih.gov/articles/PMC6376956/,1,,not_audited,"~291 OpenAlex, checked 2026-06-11","Binary absolute thinking applied to self, future, relationships, or problems.","Always/never/everyone/no one, total failure, completely ruined, no middle ground in distress appraisals.",Literal absolute terms in factual statements without psychological rigidity.,"all_or_nothing_thinking. Definition: Binary absolute thinking applied to self, future, relationships, or problems. What counts: Always/never/everyone/no one, total failure, completely ruined, no middle ground in distress appraisals. What does not count: Literal absolute terms in factual statements without psychological rigidity.","In an Absolute State: Elevated Use of Absolutist Words Is a Marker Specific to Anxiety, Depression, and Suicidal Ideation | Clinical Psychological Science (2018) | Absolutist language analysis | cognitive/linguistic process | Appraisals about future, defeat, escape, solvability, mental control, and rigid thinking.",1,1,1,,,,,,,,,,,,,,,"In an Absolute State: Elevated Use of Absolutist Words Is a Marker Specific to Anxiety, Depression, and Suicidal Ideation | Clinical Psychological Science (2018) | Absolutist language analysis | cognitive/linguistic process | Appraisals about future, defeat, escape, solvability, mental control, and rigid thinking.",,no_audit_include,62,13
unbearable_psychological_pain,Affective pain and emotion dysregulation,Affective pain and emotion dysregulation,S06_PSYCHACHE_2022,Psychological pain and suicidal behavior: A review,https://pmc.ncbi.nlm.nih.gov/articles/PMC9531162/,https://pmc.ncbi.nlm.nih.gov/articles/PMC9531162/,1,,not_audited,"~30 OpenAlex, review/source exception, checked 2026-06-11",Subjective mental pain experienced as intolerable or overwhelming.,"Psychological pain, emotional agony, unbearable hurt, mental torture, pain that cannot be endured.",Physical pain only unless tied to mental suffering; ordinary sadness.,"unbearable_psychological_pain. Definition: Subjective mental pain experienced as intolerable or overwhelming. What counts: Psychological pain, emotional agony, unbearable hurt, mental torture, pain that cannot be endured. What does not count: Physical pain only unless tied to mental suffering; ordinary sadness.","Psychological pain and suicidal behavior: A review | Current Psychology / review source (2022) | Psychache / psychological pain | affective mechanism | Emotional pain, arousal, agitation, numbing, rage, and regulation difficulties.",1,1,1,,,,,,,,,,,,,,,"Psychological pain and suicidal behavior: A review | Current Psychology / review source (2022) | Psychache / psychological pain | affective mechanism | Emotional pain, arousal, agitation, numbing, rage, and regulation difficulties.",,no_audit_include,63,1
unmet_psychological_need_pain,Affective pain and emotion dysregulation,Affective pain and emotion dysregulation,S06_PSYCHACHE_2022,Psychological pain and suicidal behavior: A review,https://pmc.ncbi.nlm.nih.gov/articles/PMC9531162/,https://pmc.ncbi.nlm.nih.gov/articles/PMC9531162/,1,,not_audited,"~30 OpenAlex, review/source exception, checked 2026-06-11","Pain framed as arising from blocked needs for love, respect, autonomy, belonging, or meaning.","Needed to be loved/seen/safe, deepest need denied, life denies what I need to live.",Simple preference not being met or ordinary disappointment.,"unmet_psychological_need_pain. Definition: Pain framed as arising from blocked needs for love, respect, autonomy, belonging, or meaning. What counts: Needed to be loved/seen/safe, deepest need denied, life denies what I need to live. What does not count: Simple preference not being met or ordinary disappointment.","Psychological pain and suicidal behavior: A review | Current Psychology / review source (2022) | Psychache / psychological pain | affective mechanism | Emotional pain, arousal, agitation, numbing, rage, and regulation difficulties.",1,1,1,,,,,,,,,,,,,,,"Psychological pain and suicidal behavior: A review | Current Psychology / review source (2022) | Psychache / psychological pain | affective mechanism | Emotional pain, arousal, agitation, numbing, rage, and regulation difficulties.",,no_audit_include,64,2
emotional_overwhelm,Affective pain and emotion dysregulation,Affective pain and emotion dysregulation,S24_EMOTION_REG_META,The multifaceted role of emotion regulation in suicidality: Systematic reviews and meta-analytic evidence,https://pubmed.ncbi.nlm.nih.gov/38376911/,https://pubmed.ncbi.nlm.nih.gov/38376911/,1,,not_audited,"~48 OpenAlex, newer systematic/meta-analytic review, checked 2026-06-11",Emotion intensity exceeding perceived ability to regulate or cope.,"Cannot handle these feelings, emotions too much, overwhelmed by panic/sadness/rage.",Feeling strongly but still regulated and functional.,"emotional_overwhelm. Definition: Emotion intensity exceeding perceived ability to regulate or cope. What counts: Cannot handle these feelings, emotions too much, overwhelmed by panic/sadness/rage. What does not count: Feeling strongly but still regulated and functional.","The multifaceted role of emotion regulation in suicidality: Systematic reviews and meta-analytic evidence | Clinical Psychology Review / related literature (2024) | Emotion regulation evidence | emotion regulation | Emotional pain, arousal, agitation, numbing, rage, and regulation difficulties.",1,1,1,,,,,,,,,,,,,,,"The multifaceted role of emotion regulation in suicidality: Systematic reviews and meta-analytic evidence | Clinical Psychology Review / related literature (2024) | Emotion regulation evidence | emotion regulation | Emotional pain, arousal, agitation, numbing, rage, and regulation difficulties.",,no_audit_include,65,3
affective_instability,Affective pain and emotion dysregulation,Affective pain and emotion dysregulation,S39_BPD_ATTR,Borderline Personality Disorder,https://www.ncbi.nlm.nih.gov/books/NBK430883/,https://www.ncbi.nlm.nih.gov/books/NBK430883/,1,,not_audited,diagnostic framework summary; citation count not applicable,Rapid or intense mood shifts that are hard to regulate.,"Mood swings, suddenly okay to devastated, emotions change violently, unstable affect.",Normal mood change across a day with clear mild cause.,"affective_instability. Definition: Rapid or intense mood shifts that are hard to regulate. What counts: Mood swings, suddenly okay to devastated, emotions change violently, unstable affect. What does not count: Normal mood change across a day with clear mild cause.","Borderline Personality Disorder | StatPearls / NCBI Bookshelf (2024) | Borderline pattern attributes | diagnostic attribute | Emotional pain, arousal, agitation, numbing, rage, and regulation difficulties.",1,1,1,,,,,,,,,,,,,,,"Borderline Personality Disorder | StatPearls / NCBI Bookshelf (2024) | Borderline pattern attributes | diagnostic attribute | Emotional pain, arousal, agitation, numbing, rage, and regulation difficulties.",,no_audit_include,66,4
anger_rage_dysregulation,Affective pain and emotion dysregulation,Affective pain and emotion dysregulation,S39_BPD_ATTR,Borderline Personality Disorder,https://www.ncbi.nlm.nih.gov/books/NBK430883/,https://www.ncbi.nlm.nih.gov/books/NBK430883/,1,,not_audited,diagnostic framework summary; citation count not applicable,Intense or poorly controlled anger linked to distress or relationships.,"Explosive anger, rage episodes, cannot control anger, anger ruins relationships.",Mild irritation or assertive disagreement.,"anger_rage_dysregulation. Definition: Intense or poorly controlled anger linked to distress or relationships. What counts: Explosive anger, rage episodes, cannot control anger, anger ruins relationships. What does not count: Mild irritation or assertive disagreement.","Borderline Personality Disorder | StatPearls / NCBI Bookshelf (2024) | Borderline pattern attributes | emotion regulation | Emotional pain, arousal, agitation, numbing, rage, and regulation difficulties.",1,1,1,,,,,,,,,,,,,,,"Borderline Personality Disorder | StatPearls / NCBI Bookshelf (2024) | Borderline pattern attributes | emotion regulation | Emotional pain, arousal, agitation, numbing, rage, and regulation difficulties.",,no_audit_include,67,5
agitation_or_restlessness,Affective pain and emotion dysregulation,Affective pain and emotion dysregulation,S11_SCS_2020,The Suicide Crisis Syndrome: A review of supporting evidence,https://pubmed.ncbi.nlm.nih.gov/?term=suicide+crisis+syndrome+entrapment+affective+disturbance+loss+of+cognitive+control,https://pubmed.ncbi.nlm.nih.gov/?term=suicide+crisis+syndrome+entrapment+affective+disturbance+loss+of+cognitive+control,1,,not_audited,"~150 OpenAlex, clinical-syndrome source exception, checked 2026-06-11","High arousal, restless tension, or inability to settle.","Pacing, shaking, restless, skin crawling, cannot sit still, agitated crisis energy.",Healthy excitement or caffeine jitters without distress.,"agitation_or_restlessness. Definition: High arousal, restless tension, or inability to settle. What counts: Pacing, shaking, restless, skin crawling, cannot sit still, agitated crisis energy. What does not count: Healthy excitement or caffeine jitters without distress.","The Suicide Crisis Syndrome: A review of supporting evidence | Psychiatric Annals / review literature (2020) | Suicide Crisis Syndrome / Narrative Crisis Model | arousal state | Emotional pain, arousal, agitation, numbing, rage, and regulation difficulties.",1,1,1,,,,,,,,,,,,,,,"The Suicide Crisis Syndrome: A review of supporting evidence | Psychiatric Annals / review literature (2020) | Suicide Crisis Syndrome / Narrative Crisis Model | arousal state | Emotional pain, arousal, agitation, numbing, rage, and regulation difficulties.",,no_audit_include,68,6
emotional_numbing_or_shutdown,Affective pain and emotion dysregulation,Affective pain and emotion dysregulation,S10_ESCAPE_1990,Suicide as escape from self,https://pubmed.ncbi.nlm.nih.gov/2408091/,https://pubmed.ncbi.nlm.nih.gov/2408091/,1,,not_audited,"~1784 OpenAlex, checked 2026-06-11","Reduced feeling, numbness, blankness, or shutdown under distress.","Numb, empty, shut down, cannot feel anything, detached from emotions.","Calmness, acceptance, relaxation, or deliberate emotional regulation without shutdown/detachment.","emotional_numbing_or_shutdown. Definition: Reduced feeling, numbness, blankness, or shutdown under distress. What counts: Numb, empty, shut down, cannot feel anything, detached from emotions. What does not count: Calmness, acceptance, relaxation, or deliberate emotional regulation without shutdown/detachment.","Suicide as escape from self | Psychological Review (1990) | Escape theory | emotion regulation | Emotional pain, arousal, agitation, numbing, rage, and regulation difficulties.",1,1,1,,,,,,,,,,,,,,,"Suicide as escape from self | Psychological Review (1990) | Escape theory | emotion regulation | Emotional pain, arousal, agitation, numbing, rage, and regulation difficulties.",,no_audit_include,69,7
trauma_shame_or_guilt,Affective pain and emotion dysregulation,Affective pain and emotion dysregulation,S38_PTSD_CPTSD,Complex PTSD: Australian Guidelines / ICD-11 CPTSD summary,https://www.phoenixaustralia.org/wp-content/uploads/2022/08/Chapter-7.-CPTSD.pdf,https://www.phoenixaustralia.org/wp-content/uploads/2022/08/Chapter-7.-CPTSD.pdf,1,,not_audited,diagnostic framework/guidance; citation count not applicable,Intense shame/guilt tied to trauma or victimization.,"Blaming self for trauma, shame about abuse, guilt for what happened, feeling contaminated by trauma.",Appropriate regret unrelated to trauma or victimization.,"trauma_shame_or_guilt. Definition: Intense shame/guilt tied to trauma or victimization. What counts: Blaming self for trauma, shame about abuse, guilt for what happened, feeling contaminated by trauma. What does not count: Appropriate regret unrelated to trauma or victimization.","Complex PTSD: Australian Guidelines / ICD-11 CPTSD summary | Phoenix Australia; ICD-11-informed guidance (2022) | ICD-11 PTSD/CPTSD | trauma affect | Emotional pain, arousal, agitation, numbing, rage, and regulation difficulties.",1,1,1,,,,,,,,,,,,,,,"Complex PTSD: Australian Guidelines / ICD-11 CPTSD summary | Phoenix Australia; ICD-11-informed guidance (2022) | ICD-11 PTSD/CPTSD | trauma affect | Emotional pain, arousal, agitation, numbing, rage, and regulation difficulties.",,no_audit_include,70,8
shame_intensity,Affective pain and emotion dysregulation,Affective pain and emotion dysregulation,S10_ESCAPE_1990,Suicide as escape from self,https://pubmed.ncbi.nlm.nih.gov/2408091/,https://pubmed.ncbi.nlm.nih.gov/2408091/,1,,not_audited,"~1784 OpenAlex, checked 2026-06-11",Global shame or humiliation that floods self-evaluation.,"Ashamed of existing, exposed, disgraced, cannot face people because of shame.","Brief embarrassment or modest regret without global shame, disgrace, or avoidance of others.","shame_intensity. Definition: Global shame or humiliation that floods self-evaluation. What counts: Ashamed of existing, exposed, disgraced, cannot face people because of shame. What does not count: Brief embarrassment or modest regret without global shame, disgrace, or avoidance of others.","Suicide as escape from self | Psychological Review (1990) | Escape theory | affective mechanism | Emotional pain, arousal, agitation, numbing, rage, and regulation difficulties.",1,1,1,,,,,,,,,,,,,,,"Suicide as escape from self | Psychological Review (1990) | Escape theory | affective mechanism | Emotional pain, arousal, agitation, numbing, rage, and regulation difficulties.",,no_audit_include,71,9
guilt_self_condemnation,Affective pain and emotion dysregulation,Affective pain and emotion dysregulation,S10_ESCAPE_1990,Suicide as escape from self,https://pubmed.ncbi.nlm.nih.gov/2408091/,https://pubmed.ncbi.nlm.nih.gov/2408091/,1,,not_audited,"~1784 OpenAlex, checked 2026-06-11",Excessive guilt or moral self-condemnation.,"Everything is my fault, I ruined lives, cannot forgive myself, I deserve punishment.",Specific apology or proportional regret.,"guilt_self_condemnation. Definition: Excessive guilt or moral self-condemnation. What counts: Everything is my fault, I ruined lives, cannot forgive myself, I deserve punishment. What does not count: Specific apology or proportional regret.","Suicide as escape from self | Psychological Review (1990) | Escape theory | affective/self-appraisal | Emotional pain, arousal, agitation, numbing, rage, and regulation difficulties.",1,1,1,,,,,,,,,,,,,,,"Suicide as escape from self | Psychological Review (1990) | Escape theory | affective/self-appraisal | Emotional pain, arousal, agitation, numbing, rage, and regulation difficulties.",,no_audit_include,72,10
fear_dread_threat,Affective pain and emotion dysregulation,Affective pain and emotion dysregulation,S35_RDOC_NVS,RDoC Negative Valence Systems,https://www.nimh.nih.gov/research/research-funded-by-nimh/rdoc/constructs/negative-valence-systems,https://www.nimh.nih.gov/research/research-funded-by-nimh/rdoc/constructs/negative-valence-systems,1,,not_audited,research framework; citation count not applicable,"Fear, dread, or threat anticipation as emotional state.","Dread, terrified, impending doom, unsafe, something bad will happen, threat feels near.",Reasonable caution in objectively risky setting.,"fear_dread_threat. Definition: Fear, dread, or threat anticipation as emotional state. What counts: Dread, terrified, impending doom, unsafe, something bad will happen, threat feels near. What does not count: Reasonable caution in objectively risky setting.","RDoC Negative Valence Systems | NIMH RDoC (current) | RDoC Negative Valence Systems | affective threat state | Emotional pain, arousal, agitation, numbing, rage, and regulation difficulties.",1,1,1,,,,,,,,,,,,,,,"RDoC Negative Valence Systems | NIMH RDoC (current) | RDoC Negative Valence Systems | affective threat state | Emotional pain, arousal, agitation, numbing, rage, and regulation difficulties.",,no_audit_include,73,11
loneliness_pain,Affective pain and emotion dysregulation,Affective pain and emotion dysregulation,S22_LONELINESS_META,Suicidal thoughts and behaviors and social isolation: A narrative review of the literature,https://pubmed.ncbi.nlm.nih.gov/?term=loneliness+social+isolation+suicide+ideation+attempt+meta-analysis,https://pubmed.ncbi.nlm.nih.gov/?term=loneliness+social+isolation+suicide+ideation+attempt+meta-analysis,1,,not_audited,"~581 OpenAlex, checked 2026-06-11","Loneliness experienced as painful, aching, or emotionally damaging.","Loneliness hurts, isolated pain, ache for connection, unbearable aloneness.",Solitude by choice or neutral alone time.,"loneliness_pain. Definition: Loneliness experienced as painful, aching, or emotionally damaging. What counts: Loneliness hurts, isolated pain, ache for connection, unbearable aloneness. What does not count: Solitude by choice or neutral alone time.","Suicidal thoughts and behaviors and social isolation: A narrative review of the literature | Journal of Affective Disorders / related literature (2019) | Loneliness/social isolation evidence | affective/interpersonal state | Emotional pain, arousal, agitation, numbing, rage, and regulation difficulties.",1,1,1,,,,,,,,,,,,,,,"Suicidal thoughts and behaviors and social isolation: A narrative review of the literature | Journal of Affective Disorders / related literature (2019) | Loneliness/social isolation evidence | affective/interpersonal state | Emotional pain, arousal, agitation, numbing, rage, and regulation difficulties.",,no_audit_include,74,12
limited_emotion_regulation_strategies,Affective pain and emotion dysregulation,Affective pain and emotion dysregulation,S24_EMOTION_REG_META,The multifaceted role of emotion regulation in suicidality: Systematic reviews and meta-analytic evidence,https://pubmed.ncbi.nlm.nih.gov/38376911/,https://pubmed.ncbi.nlm.nih.gov/38376911/,1,,not_audited,"~48 OpenAlex, newer systematic/meta-analytic review, checked 2026-06-11",Lack of effective strategies to down-regulate distress.,"Nothing calms me, coping does not work, cannot regulate, no tools for feelings.",Not trying a specific strategy yet or disliking one strategy.,"limited_emotion_regulation_strategies. Definition: Lack of effective strategies to down-regulate distress. What counts: Nothing calms me, coping does not work, cannot regulate, no tools for feelings. What does not count: Not trying a specific strategy yet or disliking one strategy.","The multifaceted role of emotion regulation in suicidality: Systematic reviews and meta-analytic evidence | Clinical Psychology Review / related literature (2024) | Emotion regulation evidence | emotion regulation | Emotional pain, arousal, agitation, numbing, rage, and regulation difficulties.",1,1,1,,,,,,,,,,,,,,,"The multifaceted role of emotion regulation in suicidality: Systematic reviews and meta-analytic evidence | Clinical Psychology Review / related literature (2024) | Emotion regulation evidence | emotion regulation | Emotional pain, arousal, agitation, numbing, rage, and regulation difficulties.",,no_audit_include,75,13
worthlessness_excessive_guilt,"Self-concept, identity, and meaning","Self-concept, identity, and meaning",S37_MDD_DSM,Major Depressive Disorder,https://www.ncbi.nlm.nih.gov/books/NBK559078/,https://www.ncbi.nlm.nih.gov/books/NBK559078/,1,,not_audited,diagnostic framework summary; citation count not applicable,Global worthlessness or excessive guilt beyond specific responsibility.,"Worthless, useless, bad person, everything my fault, do not deserve good things.",Appropriate apology or specific regret proportional to an event.,"worthlessness_excessive_guilt. Definition: Global worthlessness or excessive guilt beyond specific responsibility. What counts: Worthless, useless, bad person, everything my fault, do not deserve good things. What does not count: Appropriate apology or specific regret proportional to an event.","Major Depressive Disorder | StatPearls / NCBI Bookshelf (2023) | DSM-style depressive episode attributes | self-concept symptom | Self-directed beliefs, identity disturbance, worthlessness, purpose, and meaning-related attributes.",1,1,1,,,,,,,,,,,,,,,"Major Depressive Disorder | StatPearls / NCBI Bookshelf (2023) | DSM-style depressive episode attributes | self-concept symptom | Self-directed beliefs, identity disturbance, worthlessness, purpose, and meaning-related attributes.",,no_audit_include,76,1
self_hatred_or_self_disgust,"Self-concept, identity, and meaning","Self-concept, identity, and meaning",S45_DECHOUDHURY_2016,Discovering Shifts to Suicidal Ideation from Mental Health Content in Social Media,https://pmc.ncbi.nlm.nih.gov/articles/PMC5659860/,https://pmc.ncbi.nlm.nih.gov/articles/PMC5659860/,1,,not_audited,"~725 OpenAlex, checked 2026-06-11","Explicit self-directed hatred, disgust, or contempt.","I hate myself, disgusted by myself, I am trash, cannot stand myself.",Criticizing one behavior without global self-hatred.,"self_hatred_or_self_disgust. Definition: Explicit self-directed hatred, disgust, or contempt. What counts: I hate myself, disgusted by myself, I am trash, cannot stand myself. What does not count: Criticizing one behavior without global self-hatred.","Discovering Shifts to Suicidal Ideation from Mental Health Content in Social Media | CHI (2016) | Social media transition analysis | self-concept marker | Self-directed beliefs, identity disturbance, worthlessness, purpose, and meaning-related attributes.",1,1,1,,,,,,,,,,,,,,,"Discovering Shifts to Suicidal Ideation from Mental Health Content in Social Media | CHI (2016) | Social media transition analysis | self-concept marker | Self-directed beliefs, identity disturbance, worthlessness, purpose, and meaning-related attributes.",,no_audit_include,77,2
identity_disturbance,"Self-concept, identity, and meaning","Self-concept, identity, and meaning",S39_BPD_ATTR,Borderline Personality Disorder,https://www.ncbi.nlm.nih.gov/books/NBK430883/,https://www.ncbi.nlm.nih.gov/books/NBK430883/,1,,not_audited,diagnostic framework summary; citation count not applicable,"Unstable, confused, or fragmented sense of self.","Do not know who I am, identity keeps changing, no stable self, feel like different people.",Normal exploration of interests or values.,"identity_disturbance. Definition: Unstable, confused, or fragmented sense of self. What counts: Do not know who I am, identity keeps changing, no stable self, feel like different people. What does not count: Normal exploration of interests or values.","Borderline Personality Disorder | StatPearls / NCBI Bookshelf (2024) | Borderline pattern attributes | diagnostic attribute | Self-directed beliefs, identity disturbance, worthlessness, purpose, and meaning-related attributes.",1,1,1,,,,,,,,,,,,,,,"Borderline Personality Disorder | StatPearls / NCBI Bookshelf (2024) | Borderline pattern attributes | diagnostic attribute | Self-directed beliefs, identity disturbance, worthlessness, purpose, and meaning-related attributes.",,no_audit_include,78,3
aversive_self_awareness,"Self-concept, identity, and meaning","Self-concept, identity, and meaning",S10_ESCAPE_1990,Suicide as escape from self,https://pubmed.ncbi.nlm.nih.gov/2408091/,https://pubmed.ncbi.nlm.nih.gov/2408091/,1,,not_audited,"~1784 OpenAlex, checked 2026-06-11","Painful focus on the self as inadequate, shameful, or unbearable.","Being me is unbearable, constant awareness of failures, cannot escape myself.",Neutral self-reflection or ordinary self-awareness.,"aversive_self_awareness. Definition: Painful focus on the self as inadequate, shameful, or unbearable. What counts: Being me is unbearable, constant awareness of failures, cannot escape myself. What does not count: Neutral self-reflection or ordinary self-awareness.","Suicide as escape from self | Psychological Review (1990) | Escape theory | self-appraisal | Self-directed beliefs, identity disturbance, worthlessness, purpose, and meaning-related attributes.",1,1,1,,,,,,,,,,,,,,,"Suicide as escape from self | Psychological Review (1990) | Escape theory | self-appraisal | Self-directed beliefs, identity disturbance, worthlessness, purpose, and meaning-related attributes.",,no_audit_include,79,4
standards_failure_self_blame,"Self-concept, identity, and meaning","Self-concept, identity, and meaning",S26_PERFECTIONISM_META,The perniciousness of perfectionism: A meta-analytic review of the perfectionism-suicide relationship,https://pubmed.ncbi.nlm.nih.gov/28734118/,https://pubmed.ncbi.nlm.nih.gov/28734118/,1,,not_audited,"~248 OpenAlex, checked 2026-06-11",Internal attribution of failing important standards or expectations.,"Failed everyone, did not meet standards, all my fault, ruined my future.",Specific accountability without global self-blame.,"standards_failure_self_blame. Definition: Internal attribution of failing important standards or expectations. What counts: Failed everyone, did not meet standards, all my fault, ruined my future. What does not count: Specific accountability without global self-blame.","The perniciousness of perfectionism: A meta-analytic review of the perfectionism-suicide relationship | Journal of Personality / related literature (2017) | Perfectionism evidence | self-appraisal | Self-directed beliefs, identity disturbance, worthlessness, purpose, and meaning-related attributes.",1,1,1,,,,,,,,,,,,,,,"The perniciousness of perfectionism: A meta-analytic review of the perfectionism-suicide relationship | Journal of Personality / related literature (2017) | Perfectionism evidence | self-appraisal | Self-directed beliefs, identity disturbance, worthlessness, purpose, and meaning-related attributes.",,no_audit_include,80,5
perfectionistic_self_criticism,"Self-concept, identity, and meaning","Self-concept, identity, and meaning",S26_PERFECTIONISM_META,The perniciousness of perfectionism: A meta-analytic review of the perfectionism-suicide relationship,https://pubmed.ncbi.nlm.nih.gov/28734118/,https://pubmed.ncbi.nlm.nih.gov/28734118/,1,,not_audited,"~248 OpenAlex, checked 2026-06-11",Harsh self-criticism tied to perceived imperfection or failure.,"Not good enough, anything less than perfect is failure, relentless self-criticism.",Healthy striving or wanting to improve without harsh self-punishment or impossible standards.,"perfectionistic_self_criticism. Definition: Harsh self-criticism tied to perceived imperfection or failure. What counts: Not good enough, anything less than perfect is failure, relentless self-criticism. What does not count: Healthy striving or wanting to improve without harsh self-punishment or impossible standards.","The perniciousness of perfectionism: A meta-analytic review of the perfectionism-suicide relationship | Journal of Personality / related literature (2017) | Perfectionism evidence | self-appraisal | Self-directed beliefs, identity disturbance, worthlessness, purpose, and meaning-related attributes.",1,1,1,,,,,,,,,,,,,,,"The perniciousness of perfectionism: A meta-analytic review of the perfectionism-suicide relationship | Journal of Personality / related literature (2017) | Perfectionism evidence | self-appraisal | Self-directed beliefs, identity disturbance, worthlessness, purpose, and meaning-related attributes.",,no_audit_include,81,6
negative_trauma_self_belief,"Self-concept, identity, and meaning","Self-concept, identity, and meaning",S38_PTSD_CPTSD,Complex PTSD: Australian Guidelines / ICD-11 CPTSD summary,https://www.phoenixaustralia.org/wp-content/uploads/2022/08/Chapter-7.-CPTSD.pdf,https://www.phoenixaustralia.org/wp-content/uploads/2022/08/Chapter-7.-CPTSD.pdf,1,,not_audited,diagnostic framework/guidance; citation count not applicable,"Negative self-beliefs linked to trauma, such as brokenness or permanent damage.","I am broken/dirty/damaged because of what happened, trauma ruined who I am.",Feeling upset about trauma without global damaged-self belief.,"negative_trauma_self_belief. Definition: Negative self-beliefs linked to trauma, such as brokenness or permanent damage. What counts: I am broken/dirty/damaged because of what happened, trauma ruined who I am. What does not count: Feeling upset about trauma without global damaged-self belief.","Complex PTSD: Australian Guidelines / ICD-11 CPTSD summary | Phoenix Australia; ICD-11-informed guidance (2022) | ICD-11 PTSD/CPTSD | trauma self-concept | Self-directed beliefs, identity disturbance, worthlessness, purpose, and meaning-related attributes.",1,1,1,,,,,,,,,,,,,,,"Complex PTSD: Australian Guidelines / ICD-11 CPTSD summary | Phoenix Australia; ICD-11-informed guidance (2022) | ICD-11 PTSD/CPTSD | trauma self-concept | Self-directed beliefs, identity disturbance, worthlessness, purpose, and meaning-related attributes.",,no_audit_include,82,7
chronic_emptiness,"Self-concept, identity, and meaning","Self-concept, identity, and meaning",S39_BPD_ATTR,Borderline Personality Disorder,https://www.ncbi.nlm.nih.gov/books/NBK430883/,https://www.ncbi.nlm.nih.gov/books/NBK430883/,1,,not_audited,diagnostic framework summary; citation count not applicable,Persistent inner emptiness or void-like feeling.,"Empty inside, hollow, nothing inside me, chronic void.","Boredom, temporary lack of plans, or neutral quietness without persistent inner void.","chronic_emptiness. Definition: Persistent inner emptiness or void-like feeling. What counts: Empty inside, hollow, nothing inside me, chronic void. What does not count: Boredom, temporary lack of plans, or neutral quietness without persistent inner void.","Borderline Personality Disorder | StatPearls / NCBI Bookshelf (2024) | Borderline pattern attributes | diagnostic attribute | Self-directed beliefs, identity disturbance, worthlessness, purpose, and meaning-related attributes.",1,1,1,,,,,,,,,,,,,,,"Borderline Personality Disorder | StatPearls / NCBI Bookshelf (2024) | Borderline pattern attributes | diagnostic attribute | Self-directed beliefs, identity disturbance, worthlessness, purpose, and meaning-related attributes.",,no_audit_include,83,8
purposelessness_or_meaninglessness,"Self-concept, identity, and meaning","Self-concept, identity, and meaning",S30_CDC_2026,Risk and Protective Factors for Suicide,https://www.cdc.gov/suicide/risk-factors/index.html,https://www.cdc.gov/suicide/risk-factors/index.html,1,,not_audited,guidance/framework source; citation count not applicable,"Absence of purpose, meaning, or reason to continue ordinary life engagement.","No purpose, life meaningless, nothing matters, no reason to keep doing anything.",Temporary boredom or uncertainty about one goal.,"purposelessness_or_meaninglessness. Definition: Absence of purpose, meaning, or reason to continue ordinary life engagement. What counts: No purpose, life meaningless, nothing matters, no reason to keep doing anything. What does not count: Temporary boredom or uncertainty about one goal.","Risk and Protective Factors for Suicide | CDC (2026) | CDC socioecological risk/protective factors | meaning concept | Self-directed beliefs, identity disturbance, worthlessness, purpose, and meaning-related attributes.",1,1,1,,,,,,,,,,,,,,,"Risk and Protective Factors for Suicide | CDC (2026) | CDC socioecological risk/protective factors | meaning concept | Self-directed beliefs, identity disturbance, worthlessness, purpose, and meaning-related attributes.",,no_audit_include,84,9
valued_identity_anchor,"Self-concept, identity, and meaning","Self-concept, identity, and meaning",S32_REASONS_LIVING,Reasons for Staying Alive When You Are Thinking of Killing Yourself: The Reasons for Living Inventory,https://pubmed.ncbi.nlm.nih.gov/?term=Linehan+Reasons+for+Living+Inventory+1983,https://pubmed.ncbi.nlm.nih.gov/?term=Linehan+Reasons+for+Living+Inventory+1983,1,,not_audited,"~828 OpenAlex, checked 2026-06-11",Stable valued role or identity that provides meaning.,"Parent, friend, student, worker, caregiver, artist, faith/community member as reason to keep going.","Role label without value, meaning, or anchoring function.","valued_identity_anchor. Definition: Stable valued role or identity that provides meaning. What counts: Parent, friend, student, worker, caregiver, artist, faith/community member as reason to keep going. What does not count: Role label without value, meaning, or anchoring function.","Reasons for Staying Alive When You Are Thinking of Killing Yourself: The Reasons for Living Inventory | Journal of Consulting and Clinical Psychology (1983) | Reasons for Living | protective self-concept | Self-directed beliefs, identity disturbance, worthlessness, purpose, and meaning-related attributes.",1,1,1,,,,,,,,,,,,,,,"Reasons for Staying Alive When You Are Thinking of Killing Yourself: The Reasons for Living Inventory | Journal of Consulting and Clinical Psychology (1983) | Reasons for Living | protective self-concept | Self-directed beliefs, identity disturbance, worthlessness, purpose, and meaning-related attributes.",,no_audit_include,85,10
thwarted_belongingness,Interpersonal and social ecology,Interpersonal and social ecology,S01_IPTS_2010,The Interpersonal Theory of Suicide,https://pmc.ncbi.nlm.nih.gov/articles/PMC3130348/,https://pmc.ncbi.nlm.nih.gov/articles/PMC3130348/,1,,not_audited,"~5109 OpenAlex, checked 2026-06-11",Unmet need to belong; feeling alienated or disconnected from valued groups.,"Do not belong, nobody wants me, excluded, invisible, disconnected from everyone.",Being alone by choice or temporary solitude without alienation.,"thwarted_belongingness. Definition: Unmet need to belong; feeling alienated or disconnected from valued groups. What counts: Do not belong, nobody wants me, excluded, invisible, disconnected from everyone. What does not count: Being alone by choice or temporary solitude without alienation.","The Interpersonal Theory of Suicide | Psychological Review (2010) | Interpersonal Theory of Suicide | interpersonal mechanism | Belonging, burden, support, rejection, family/peer context, bullying, and social defeat.",1,1,1,,,,,,,,,,,,,,,"The Interpersonal Theory of Suicide | Psychological Review (2010) | Interpersonal Theory of Suicide | interpersonal mechanism | Belonging, burden, support, rejection, family/peer context, bullying, and social defeat.",,no_audit_include,86,1
perceived_burdensomeness,Interpersonal and social ecology,Interpersonal and social ecology,S01_IPTS_2010,The Interpersonal Theory of Suicide,https://pmc.ncbi.nlm.nih.gov/articles/PMC3130348/,https://pmc.ncbi.nlm.nih.gov/articles/PMC3130348/,1,,not_audited,"~5109 OpenAlex, checked 2026-06-11",Belief that one is a burden or liability to others.,"Everyone better without me, I drain people, I am a burden, I only hurt my family.",Asking for help or needing support without global burden belief.,"perceived_burdensomeness. Definition: Belief that one is a burden or liability to others. What counts: Everyone better without me, I drain people, I am a burden, I only hurt my family. What does not count: Asking for help or needing support without global burden belief.","The Interpersonal Theory of Suicide | Psychological Review (2010) | Interpersonal Theory of Suicide | interpersonal mechanism | Belonging, burden, support, rejection, family/peer context, bullying, and social defeat.",1,1,1,,,,,,,,,,,,,,,"The Interpersonal Theory of Suicide | Psychological Review (2010) | Interpersonal Theory of Suicide | interpersonal mechanism | Belonging, burden, support, rejection, family/peer context, bullying, and social defeat.",,no_audit_include,87,2
loneliness_social_isolation,Interpersonal and social ecology,Interpersonal and social ecology,S22_LONELINESS_META,Suicidal thoughts and behaviors and social isolation: A narrative review of the literature,https://pubmed.ncbi.nlm.nih.gov/?term=loneliness+social+isolation+suicide+ideation+attempt+meta-analysis,https://pubmed.ncbi.nlm.nih.gov/?term=loneliness+social+isolation+suicide+ideation+attempt+meta-analysis,1,,not_audited,"~581 OpenAlex, checked 2026-06-11",Lack of meaningful social connection or support.,"No friends, alone all the time, isolated, nobody to talk to, socially cut off.","Private time, introversion, or temporary distance.","loneliness_social_isolation. Definition: Lack of meaningful social connection or support. What counts: No friends, alone all the time, isolated, nobody to talk to, socially cut off. What does not count: Private time, introversion, or temporary distance.","Suicidal thoughts and behaviors and social isolation: A narrative review of the literature | Journal of Affective Disorders / related literature (2019) | Loneliness/social isolation evidence | interpersonal context | Belonging, burden, support, rejection, family/peer context, bullying, and social defeat.",1,1,1,,,,,,,,,,,,,,,"Suicidal thoughts and behaviors and social isolation: A narrative review of the literature | Journal of Affective Disorders / related literature (2019) | Loneliness/social isolation evidence | interpersonal context | Belonging, burden, support, rejection, family/peer context, bullying, and social defeat.",,no_audit_include,88,3
low_social_support,Interpersonal and social ecology,Interpersonal and social ecology,S30_CDC_2026,Risk and Protective Factors for Suicide,https://www.cdc.gov/suicide/risk-factors/index.html,https://www.cdc.gov/suicide/risk-factors/index.html,1,,not_audited,guidance/framework source; citation count not applicable,"Perceived absence of emotional, practical, or informational support.","No support, nobody listens, cannot rely on anyone, no one helps.","Support exists but poster has not asked yet, or one person unavailable.","low_social_support. Definition: Perceived absence of emotional, practical, or informational support. What counts: No support, nobody listens, cannot rely on anyone, no one helps. What does not count: Support exists but poster has not asked yet, or one person unavailable.","Risk and Protective Factors for Suicide | CDC (2026) | CDC socioecological risk/protective factors | interpersonal context | Belonging, burden, support, rejection, family/peer context, bullying, and social defeat.",1,1,1,,,,,,,,,,,,,,,"Risk and Protective Factors for Suicide | CDC (2026) | CDC socioecological risk/protective factors | interpersonal context | Belonging, burden, support, rejection, family/peer context, bullying, and social defeat.",,no_audit_include,89,4
rejection_sensitivity,Interpersonal and social ecology,Interpersonal and social ecology,S39_BPD_ATTR,Borderline Personality Disorder,https://www.ncbi.nlm.nih.gov/books/NBK430883/,https://www.ncbi.nlm.nih.gov/books/NBK430883/,1,,not_audited,diagnostic framework summary; citation count not applicable,"Heightened fear or pain around rejection, criticism, or perceived abandonment.","Small rejection destroys me, everyone will leave, interpreting silence as rejection.","Normal disappointment after rejection without heightened fear, panic, or overinterpretation.","rejection_sensitivity. Definition: Heightened fear or pain around rejection, criticism, or perceived abandonment. What counts: Small rejection destroys me, everyone will leave, interpreting silence as rejection. What does not count: Normal disappointment after rejection without heightened fear, panic, or overinterpretation.","Borderline Personality Disorder | StatPearls / NCBI Bookshelf (2024) | Borderline pattern attributes | interpersonal mechanism | Belonging, burden, support, rejection, family/peer context, bullying, and social defeat.",1,1,1,,,,,,,,,,,,,,,"Borderline Personality Disorder | StatPearls / NCBI Bookshelf (2024) | Borderline pattern attributes | interpersonal mechanism | Belonging, burden, support, rejection, family/peer context, bullying, and social defeat.",,no_audit_include,90,5
abandonment_fear,Interpersonal and social ecology,Interpersonal and social ecology,S39_BPD_ATTR,Borderline Personality Disorder,https://www.ncbi.nlm.nih.gov/books/NBK430883/,https://www.ncbi.nlm.nih.gov/books/NBK430883/,1,,not_audited,diagnostic framework summary; citation count not applicable,"Fear of being left, deserted, or emotionally abandoned.","Terrified they will leave, cannot be alone, frantic about abandonment, panic when ignored.",Missing someone or wanting reassurance without abandonment panic.,"abandonment_fear. Definition: Fear of being left, deserted, or emotionally abandoned. What counts: Terrified they will leave, cannot be alone, frantic about abandonment, panic when ignored. What does not count: Missing someone or wanting reassurance without abandonment panic.","Borderline Personality Disorder | StatPearls / NCBI Bookshelf (2024) | Borderline pattern attributes | diagnostic attribute | Belonging, burden, support, rejection, family/peer context, bullying, and social defeat.",1,1,1,,,,,,,,,,,,,,,"Borderline Personality Disorder | StatPearls / NCBI Bookshelf (2024) | Borderline pattern attributes | diagnostic attribute | Belonging, burden, support, rejection, family/peer context, bullying, and social defeat.",,no_audit_include,91,6
relationship_instability,Interpersonal and social ecology,Interpersonal and social ecology,S39_BPD_ATTR,Borderline Personality Disorder,https://www.ncbi.nlm.nih.gov/books/NBK430883/,https://www.ncbi.nlm.nih.gov/books/NBK430883/,1,,not_audited,diagnostic framework summary; citation count not applicable,Intense unstable relationships or rapid shifts in closeness/conflict.,"On/off relationship chaos, idolizing then hating, repeated breakups, unstable attachment.",One conflict or normal relationship change.,"relationship_instability. Definition: Intense unstable relationships or rapid shifts in closeness/conflict. What counts: On/off relationship chaos, idolizing then hating, repeated breakups, unstable attachment. What does not count: One conflict or normal relationship change.","Borderline Personality Disorder | StatPearls / NCBI Bookshelf (2024) | Borderline pattern attributes | interpersonal pattern | Belonging, burden, support, rejection, family/peer context, bullying, and social defeat.",1,1,1,,,,,,,,,,,,,,,"Borderline Personality Disorder | StatPearls / NCBI Bookshelf (2024) | Borderline pattern attributes | interpersonal pattern | Belonging, burden, support, rejection, family/peer context, bullying, and social defeat.",,no_audit_include,92,7
family_conflict_or_invalidating_home,Interpersonal and social ecology,Interpersonal and social ecology,S30_CDC_2026,Risk and Protective Factors for Suicide,https://www.cdc.gov/suicide/risk-factors/index.html,https://www.cdc.gov/suicide/risk-factors/index.html,1,,not_audited,guidance/framework source; citation count not applicable,"Family conflict, invalidation, hostility, or unsafe emotional home climate.","Family hates me, constant fights, invalidated, unsafe at home, parents attack feelings.","Routine disagreement with family, temporary annoyance, or conflict that is not chronic/hostile/invalidating.","family_conflict_or_invalidating_home. Definition: Family conflict, invalidation, hostility, or unsafe emotional home climate. What counts: Family hates me, constant fights, invalidated, unsafe at home, parents attack feelings. What does not count: Routine disagreement with family, temporary annoyance, or conflict that is not chronic/hostile/invalidating.","Risk and Protective Factors for Suicide | CDC (2026) | CDC socioecological risk/protective factors | interpersonal context | Belonging, burden, support, rejection, family/peer context, bullying, and social defeat.",1,1,1,,,,,,,,,,,,,,,"Risk and Protective Factors for Suicide | CDC (2026) | CDC socioecological risk/protective factors | interpersonal context | Belonging, burden, support, rejection, family/peer context, bullying, and social defeat.",,no_audit_include,93,8
bullying_victimization,Interpersonal and social ecology,Interpersonal and social ecology,S21_BULLYING_META,Bullying and Suicidal Ideation and Behaviors: A Meta-Analysis,https://pmc.ncbi.nlm.nih.gov/articles/PMC4702491/,https://pmc.ncbi.nlm.nih.gov/articles/PMC4702491/,1,,not_audited,"~661 OpenAlex, checked 2026-06-11",Being targeted by repeated peer aggression or harassment.,"Bullied, mocked, threatened, humiliated repeatedly at school/work/community.",One rude comment or ordinary disagreement.,"bullying_victimization. Definition: Being targeted by repeated peer aggression or harassment. What counts: Bullied, mocked, threatened, humiliated repeatedly at school/work/community. What does not count: One rude comment or ordinary disagreement.","Bullying and Suicidal Ideation and Behaviors: A Meta-Analysis | Pediatrics / related meta-analysis literature (2015) | Bullying victimization evidence | interpersonal risk | Belonging, burden, support, rejection, family/peer context, bullying, and social defeat.",1,1,1,,,,,,,,,,,,,,,"Bullying and Suicidal Ideation and Behaviors: A Meta-Analysis | Pediatrics / related meta-analysis literature (2015) | Bullying victimization evidence | interpersonal risk | Belonging, burden, support, rejection, family/peer context, bullying, and social defeat.",,no_audit_include,94,9
cyberbullying_victimization,Interpersonal and social ecology,Interpersonal and social ecology,S21_BULLYING_META,Bullying and Suicidal Ideation and Behaviors: A Meta-Analysis,https://pmc.ncbi.nlm.nih.gov/articles/PMC4702491/,https://pmc.ncbi.nlm.nih.gov/articles/PMC4702491/,1,,not_audited,"~661 OpenAlex, checked 2026-06-11","Online harassment, humiliation, dogpiling, or digital peer attack.","Harassed online, cyberbullied, doxxed, mocked in group chat/social media, online threats.",Negative feedback or disagreement online without harassment pattern.,"cyberbullying_victimization. Definition: Online harassment, humiliation, dogpiling, or digital peer attack. What counts: Harassed online, cyberbullied, doxxed, mocked in group chat/social media, online threats. What does not count: Negative feedback or disagreement online without harassment pattern.","Bullying and Suicidal Ideation and Behaviors: A Meta-Analysis | Pediatrics / related meta-analysis literature (2015) | Bullying victimization evidence | digital/interpersonal risk | Belonging, burden, support, rejection, family/peer context, bullying, and social defeat.",1,1,1,,,,,,,,,,,,,,,"Bullying and Suicidal Ideation and Behaviors: A Meta-Analysis | Pediatrics / related meta-analysis literature (2015) | Bullying victimization evidence | digital/interpersonal risk | Belonging, burden, support, rejection, family/peer context, bullying, and social defeat.",,no_audit_include,95,10
peer_social_exclusion,Interpersonal and social ecology,Interpersonal and social ecology,S21_BULLYING_META,Bullying and Suicidal Ideation and Behaviors: A Meta-Analysis,https://pmc.ncbi.nlm.nih.gov/articles/PMC4702491/,https://pmc.ncbi.nlm.nih.gov/articles/PMC4702491/,1,,not_audited,"~661 OpenAlex, checked 2026-06-11","Being excluded, ostracized, or socially rejected by peers/groups.","Left out, ostracized, group excludes me, no one invites me, socially erased.",Choosing not to attend or being unavailable.,"peer_social_exclusion. Definition: Being excluded, ostracized, or socially rejected by peers/groups. What counts: Left out, ostracized, group excludes me, no one invites me, socially erased. What does not count: Choosing not to attend or being unavailable.","Bullying and Suicidal Ideation and Behaviors: A Meta-Analysis | Pediatrics / related meta-analysis literature (2015) | Bullying victimization evidence | interpersonal risk | Belonging, burden, support, rejection, family/peer context, bullying, and social defeat.",1,1,1,,,,,,,,,,,,,,,"Bullying and Suicidal Ideation and Behaviors: A Meta-Analysis | Pediatrics / related meta-analysis literature (2015) | Bullying victimization evidence | interpersonal risk | Belonging, burden, support, rejection, family/peer context, bullying, and social defeat.",,no_audit_include,96,11
social_defeat_humiliation,Interpersonal and social ecology,Interpersonal and social ecology,S05_CRY_PAIN_2009,Elaborating the cry of pain model of suicidality,https://pubmed.ncbi.nlm.nih.gov/19302734/,https://pubmed.ncbi.nlm.nih.gov/19302734/,1,,not_audited,"~159 OpenAlex, mechanism-source exception, checked 2026-06-11","Interpersonal defeat, status loss, or humiliation by others.","Humiliated by peers/family, socially defeated, reputation destroyed, treated as inferior.",Losing a competition without social humiliation.,"social_defeat_humiliation. Definition: Interpersonal defeat, status loss, or humiliation by others. What counts: Humiliated by peers/family, socially defeated, reputation destroyed, treated as inferior. What does not count: Losing a competition without social humiliation.","Elaborating the cry of pain model of suicidality | British Journal of Clinical Psychology (2009) | Cry of Pain model | interpersonal/cognitive mechanism | Belonging, burden, support, rejection, family/peer context, bullying, and social defeat.",1,1,1,,,,,,,,,,,,,,,"Elaborating the cry of pain model of suicidality | British Journal of Clinical Psychology (2009) | Cry of Pain model | interpersonal/cognitive mechanism | Belonging, burden, support, rejection, family/peer context, bullying, and social defeat.",,no_audit_include,97,12
support_seeking,Interpersonal and social ecology,Interpersonal and social ecology,S48_SOCIAL_SUPPORT_2017,The Language of Social Support in Social Media and its Effect on Suicidal Ideation Risk,https://pmc.ncbi.nlm.nih.gov/articles/PMC5565730/,https://pmc.ncbi.nlm.nih.gov/articles/PMC5565730/,1,,not_audited,"~211 OpenAlex, checked 2026-06-11","Requesting emotional, informational, or practical support.","Asking for help, advice, someone to listen, resources, encouragement, or how to cope.",Rhetorical complaint with no support request.,"support_seeking. Definition: Requesting emotional, informational, or practical support. What counts: Asking for help, advice, someone to listen, resources, encouragement, or how to cope. What does not count: Rhetorical complaint with no support request.","The Language of Social Support in Social Media and its Effect on Suicidal Ideation Risk | ICWSM / PMC (2017) | Online social support analysis | interpersonal/protective marker | Belonging, burden, support, rejection, family/peer context, bullying, and social defeat.",1,1,1,,,,,,,,,,,,,,,"The Language of Social Support in Social Media and its Effect on Suicidal Ideation Risk | ICWSM / PMC (2017) | Online social support analysis | interpersonal/protective marker | Belonging, burden, support, rejection, family/peer context, bullying, and social defeat.",,no_audit_include,98,13
received_social_support,Interpersonal and social ecology,Interpersonal and social ecology,S48_SOCIAL_SUPPORT_2017,The Language of Social Support in Social Media and its Effect on Suicidal Ideation Risk,https://pmc.ncbi.nlm.nih.gov/articles/PMC5565730/,https://pmc.ncbi.nlm.nih.gov/articles/PMC5565730/,1,,not_audited,"~211 OpenAlex, checked 2026-06-11","Mentions receiving support, validation, advice, or care from others.","Friend helped, comments supported me, family checked in, community listened, therapist validated me.","Generic social contact, casual conversation, or social presence without support, care, advice, or validation.","received_social_support. Definition: Mentions receiving support, validation, advice, or care from others. What counts: Friend helped, comments supported me, family checked in, community listened, therapist validated me. What does not count: Generic social contact, casual conversation, or social presence without support, care, advice, or validation.","The Language of Social Support in Social Media and its Effect on Suicidal Ideation Risk | ICWSM / PMC (2017) | Online social support analysis | interpersonal/protective marker | Belonging, burden, support, rejection, family/peer context, bullying, and social defeat.",1,1,1,,,,,,,,,,,,,,,"The Language of Social Support in Social Media and its Effect on Suicidal Ideation Risk | ICWSM / PMC (2017) | Online social support analysis | interpersonal/protective marker | Belonging, burden, support, rejection, family/peer context, bullying, and social defeat.",,no_audit_include,99,14
emotional_support_language,Interpersonal and social ecology,Interpersonal and social ecology,S48_SOCIAL_SUPPORT_2017,The Language of Social Support in Social Media and its Effect on Suicidal Ideation Risk,https://pmc.ncbi.nlm.nih.gov/articles/PMC5565730/,https://pmc.ncbi.nlm.nih.gov/articles/PMC5565730/,1,,not_audited,"~211 OpenAlex, checked 2026-06-11","Language involving empathy, care, comfort, or validation.","Someone cares, I hear you, you are not alone, comfort, warmth, emotional validation.",Neutral information exchange without care/comfort.,"emotional_support_language. Definition: Language involving empathy, care, comfort, or validation. What counts: Someone cares, I hear you, you are not alone, comfort, warmth, emotional validation. What does not count: Neutral information exchange without care/comfort.","The Language of Social Support in Social Media and its Effect on Suicidal Ideation Risk | ICWSM / PMC (2017) | Online social support analysis | support marker | Belonging, burden, support, rejection, family/peer context, bullying, and social defeat.",1,1,1,,,,,,,,,,,,,,,"The Language of Social Support in Social Media and its Effect on Suicidal Ideation Risk | ICWSM / PMC (2017) | Online social support analysis | support marker | Belonging, burden, support, rejection, family/peer context, bullying, and social defeat.",,no_audit_include,100,15
acquired_capability_for_self_harm,"Volitional capability, means, and disinhibition","Volitional capability, means, and disinhibition",S01_IPTS_2010,The Interpersonal Theory of Suicide,https://pmc.ncbi.nlm.nih.gov/articles/PMC3130348/,https://pmc.ncbi.nlm.nih.gov/articles/PMC3130348/,1,,not_audited,"~5109 OpenAlex, checked 2026-06-11","Habituation to pain/fear that could lower barriers to harmful action, without coding an actual attempt label.","Used to pain, fear gone, harm no longer scary, repeated exposure to painful/provocative experiences.","Direct current attempt/act label, or ordinary bravery.","acquired_capability_for_self_harm. Definition: Habituation to pain/fear that could lower barriers to harmful action, without coding an actual attempt label. What counts: Used to pain, fear gone, harm no longer scary, repeated exposure to painful/provocative experiences. What does not count: Direct current attempt/act label, or ordinary bravery.","The Interpersonal Theory of Suicide | Psychological Review (2010) | Interpersonal Theory of Suicide | volitional mechanism | Factors that may lower barriers to harmful action or increase unsafe behavior, without direct ideation/attempt labels.",1,1,1,,,,,,,,,,,,,,,"The Interpersonal Theory of Suicide | Psychological Review (2010) | Interpersonal Theory of Suicide | volitional mechanism | Factors that may lower barriers to harmful action or increase unsafe behavior, without direct ideation/attempt labels.",,no_audit_include,101,1
fearlessness_about_death,"Volitional capability, means, and disinhibition","Volitional capability, means, and disinhibition",S01_IPTS_2010,The Interpersonal Theory of Suicide,https://pmc.ncbi.nlm.nih.gov/articles/PMC3130348/,https://pmc.ncbi.nlm.nih.gov/articles/PMC3130348/,1,,not_audited,"~5109 OpenAlex, checked 2026-06-11",Reduced fear of death or injury as a capability-related attribute.,"Death does not scare me, not afraid of dying, numb to mortality.",Philosophical discussion of death without personal fearlessness.,"fearlessness_about_death. Definition: Reduced fear of death or injury as a capability-related attribute. What counts: Death does not scare me, not afraid of dying, numb to mortality. What does not count: Philosophical discussion of death without personal fearlessness.","The Interpersonal Theory of Suicide | Psychological Review (2010) | Interpersonal Theory of Suicide | volitional mechanism | Factors that may lower barriers to harmful action or increase unsafe behavior, without direct ideation/attempt labels.",1,1,1,,,,,,,,,,,,,,,"The Interpersonal Theory of Suicide | Psychological Review (2010) | Interpersonal Theory of Suicide | volitional mechanism | Factors that may lower barriers to harmful action or increase unsafe behavior, without direct ideation/attempt labels.",,no_audit_include,102,2
pain_tolerance_habituation,"Volitional capability, means, and disinhibition","Volitional capability, means, and disinhibition",S01_IPTS_2010,The Interpersonal Theory of Suicide,https://pmc.ncbi.nlm.nih.gov/articles/PMC3130348/,https://pmc.ncbi.nlm.nih.gov/articles/PMC3130348/,1,,not_audited,"~5109 OpenAlex, checked 2026-06-11",Increased tolerance of pain or habituation to painful experiences.,"Pain feels normal, can handle extreme pain, used to being hurt, pain does not stop me.",Athletic pain tolerance or medical pain discussion without habituation/risk meaning.,"pain_tolerance_habituation. Definition: Increased tolerance of pain or habituation to painful experiences. What counts: Pain feels normal, can handle extreme pain, used to being hurt, pain does not stop me. What does not count: Athletic pain tolerance or medical pain discussion without habituation/risk meaning.","The Interpersonal Theory of Suicide | Psychological Review (2010) | Interpersonal Theory of Suicide | volitional mechanism | Factors that may lower barriers to harmful action or increase unsafe behavior, without direct ideation/attempt labels.",1,1,1,,,,,,,,,,,,,,,"The Interpersonal Theory of Suicide | Psychological Review (2010) | Interpersonal Theory of Suicide | volitional mechanism | Factors that may lower barriers to harmful action or increase unsafe behavior, without direct ideation/attempt labels.",,no_audit_include,103,3
access_to_lethal_means_context,"Volitional capability, means, and disinhibition","Volitional capability, means, and disinhibition",S30_CDC_2026,Risk and Protective Factors for Suicide,https://www.cdc.gov/suicide/risk-factors/index.html,https://www.cdc.gov/suicide/risk-factors/index.html,1,,not_audited,guidance/framework source; citation count not applicable,"Environmental access to lethal means or dangerous tools, without explicit plan or intent.","Guns, large medication supply, dangerous locations, or lethal means accessible in environment.","Specific planned method/timing/intent, fictional/media discussion, or general safety debate.","access_to_lethal_means_context. Definition: Environmental access to lethal means or dangerous tools, without explicit plan or intent. What counts: Guns, large medication supply, dangerous locations, or lethal means accessible in environment. What does not count: Specific planned method/timing/intent, fictional/media discussion, or general safety debate.","Risk and Protective Factors for Suicide | CDC (2026) | CDC socioecological risk/protective factors | means ecology | Factors that may lower barriers to harmful action or increase unsafe behavior, without direct ideation/attempt labels.",1,1,1,,,,,,,,,,,,,,,"Risk and Protective Factors for Suicide | CDC (2026) | CDC socioecological risk/protective factors | means ecology | Factors that may lower barriers to harmful action or increase unsafe behavior, without direct ideation/attempt labels.",,no_audit_include,104,4
means_safety_barrier_presence,"Volitional capability, means, and disinhibition","Volitional capability, means, and disinhibition",S33_SAFETY_PLAN_2018,Comparison of the Safety Planning Intervention With Follow-up vs Usual Care of Suicidal Patients Treated in the Emergency Department,https://pubmed.ncbi.nlm.nih.gov/29998307/,https://pubmed.ncbi.nlm.nih.gov/29998307/,1,,not_audited,"~616 OpenAlex, checked 2026-06-11",Protective barrier limiting access to lethal means.,"Means locked away, someone holds medication, no weapon access, dangerous items removed.",Means are available or no safety barrier mentioned.,"means_safety_barrier_presence. Definition: Protective barrier limiting access to lethal means. What counts: Means locked away, someone holds medication, no weapon access, dangerous items removed. What does not count: Means are available or no safety barrier mentioned.","Comparison of the Safety Planning Intervention With Follow-up vs Usual Care of Suicidal Patients Treated in the Emergency Department | JAMA Psychiatry (2018) | Safety Planning Intervention | protective means ecology | Factors that may lower barriers to harmful action or increase unsafe behavior, without direct ideation/attempt labels.",1,1,1,,,,,,,,,,,,,,,"Comparison of the Safety Planning Intervention With Follow-up vs Usual Care of Suicidal Patients Treated in the Emergency Department | JAMA Psychiatry (2018) | Safety Planning Intervention | protective means ecology | Factors that may lower barriers to harmful action or increase unsafe behavior, without direct ideation/attempt labels.",,no_audit_include,105,5
impulsivity_disinhibition,"Volitional capability, means, and disinhibition","Volitional capability, means, and disinhibition",S25_IMPULSIVITY_META,Impulsivity and suicidal behavior: A meta-analysis,https://pubmed.ncbi.nlm.nih.gov/?term=impulsivity+suicidal+behavior+meta-analysis,https://pubmed.ncbi.nlm.nih.gov/?term=impulsivity+suicidal+behavior+meta-analysis,1,,not_audited,"~206 OpenAlex, checked 2026-06-11",Acting rashly under emotion or impulse with reduced regard for consequences.,"Impulsive acts, cannot stop myself, reckless choices, sudden dangerous behavior.",Quick decisions with thought and low risk.,"impulsivity_disinhibition. Definition: Acting rashly under emotion or impulse with reduced regard for consequences. What counts: Impulsive acts, cannot stop myself, reckless choices, sudden dangerous behavior. What does not count: Quick decisions with thought and low risk.","Impulsivity and suicidal behavior: A meta-analysis | Clinical Psychology Review / related literature (2017) | Impulsivity evidence | disinhibition | Factors that may lower barriers to harmful action or increase unsafe behavior, without direct ideation/attempt labels.",1,1,1,,,,,,,,,,,,,,,"Impulsivity and suicidal behavior: A meta-analysis | Clinical Psychology Review / related literature (2017) | Impulsivity evidence | disinhibition | Factors that may lower barriers to harmful action or increase unsafe behavior, without direct ideation/attempt labels.",,no_audit_include,106,6
reckless_risk_taking,"Volitional capability, means, and disinhibition","Volitional capability, means, and disinhibition",S25_IMPULSIVITY_META,Impulsivity and suicidal behavior: A meta-analysis,https://pubmed.ncbi.nlm.nih.gov/?term=impulsivity+suicidal+behavior+meta-analysis,https://pubmed.ncbi.nlm.nih.gov/?term=impulsivity+suicidal+behavior+meta-analysis,1,,not_audited,"~206 OpenAlex, checked 2026-06-11",Pattern of unsafe risk-taking or thrill/escape behavior.,"Dangerous driving, unsafe sex, reckless spending, unsafe dares, seeking danger.",Trying something new safely or ordinary spontaneity.,"reckless_risk_taking. Definition: Pattern of unsafe risk-taking or thrill/escape behavior. What counts: Dangerous driving, unsafe sex, reckless spending, unsafe dares, seeking danger. What does not count: Trying something new safely or ordinary spontaneity.","Impulsivity and suicidal behavior: A meta-analysis | Clinical Psychology Review / related literature (2017) | Impulsivity evidence | disinhibition | Factors that may lower barriers to harmful action or increase unsafe behavior, without direct ideation/attempt labels.",1,1,1,,,,,,,,,,,,,,,"Impulsivity and suicidal behavior: A meta-analysis | Clinical Psychology Review / related literature (2017) | Impulsivity evidence | disinhibition | Factors that may lower barriers to harmful action or increase unsafe behavior, without direct ideation/attempt labels.",,no_audit_include,107,7
substance_related_disinhibition,"Volitional capability, means, and disinhibition","Volitional capability, means, and disinhibition",S27_SUBSTANCE_META,"Alcohol-related risk of suicidal ideation, suicide attempt, and completed suicide: A meta-analysis",https://pubmed.ncbi.nlm.nih.gov/?term=alcohol+use+disorder+suicide+risk+meta-analysis,https://pubmed.ncbi.nlm.nih.gov/?term=alcohol+use+disorder+suicide+risk+meta-analysis,1,,not_audited,"~469 OpenAlex, checked 2026-06-11",Substance use lowering inhibition or increasing unsafe behavior.,"Drinking/using makes me reckless, intoxication leads to fights/risks, loss of control while using.",Substance use without disinhibition or risk.,"substance_related_disinhibition. Definition: Substance use lowering inhibition or increasing unsafe behavior. What counts: Drinking/using makes me reckless, intoxication leads to fights/risks, loss of control while using. What does not count: Substance use without disinhibition or risk.","Alcohol-related risk of suicidal ideation, suicide attempt, and completed suicide: A meta-analysis | PLOS ONE / related literature (2015) | Substance/alcohol risk evidence | disinhibition | Factors that may lower barriers to harmful action or increase unsafe behavior, without direct ideation/attempt labels.",1,1,1,,,,,,,,,,,,,,,"Alcohol-related risk of suicidal ideation, suicide attempt, and completed suicide: A meta-analysis | PLOS ONE / related literature (2015) | Substance/alcohol risk evidence | disinhibition | Factors that may lower barriers to harmful action or increase unsafe behavior, without direct ideation/attempt labels.",,no_audit_include,108,8
impulsive_aggression,"Volitional capability, means, and disinhibition","Volitional capability, means, and disinhibition",S14_TURECKI_BRENT_2016,Suicide and suicidal behaviour,https://pubmed.ncbi.nlm.nih.gov/26385066/,https://pubmed.ncbi.nlm.nih.gov/26385066/,1,,not_audited,"~2255 OpenAlex, checked 2026-06-11",Impulsive anger or aggression as a trait/state risk factor.,"Sudden aggressive outbursts, violent impulses, aggressive loss of control.",Assertive disagreement or justified anger without impulsive aggression.,"impulsive_aggression. Definition: Impulsive anger or aggression as a trait/state risk factor. What counts: Sudden aggressive outbursts, violent impulses, aggressive loss of control. What does not count: Assertive disagreement or justified anger without impulsive aggression.","Suicide and suicidal behaviour | The Lancet (2016) | Clinical/biopsychosocial review | trait/state risk | Factors that may lower barriers to harmful action or increase unsafe behavior, without direct ideation/attempt labels.",1,1,1,,,,,,,,,,,,,,,"Suicide and suicidal behaviour | The Lancet (2016) | Clinical/biopsychosocial review | trait/state risk | Factors that may lower barriers to harmful action or increase unsafe behavior, without direct ideation/attempt labels.",,no_audit_include,109,9
exposure_habituation_to_violence_or_injury,"Volitional capability, means, and disinhibition","Volitional capability, means, and disinhibition",S03_IMV_2018,The integrated motivational-volitional model of suicidal behaviour,https://pmc.ncbi.nlm.nih.gov/articles/PMC6053985/,https://pmc.ncbi.nlm.nih.gov/articles/PMC6053985/,1,,not_audited,"~1460 OpenAlex, checked 2026-06-11","Repeated exposure to violence, injury, or death that may habituate fear/pain.","Repeated injuries, violence exposure, combat, seeing death/injury, desensitization to harm.",Watching fictional violence with no personal habituation.,"exposure_habituation_to_violence_or_injury. Definition: Repeated exposure to violence, injury, or death that may habituate fear/pain. What counts: Repeated injuries, violence exposure, combat, seeing death/injury, desensitization to harm. What does not count: Watching fictional violence with no personal habituation.","The integrated motivational-volitional model of suicidal behaviour | Philosophical Transactions of the Royal Society B (2018) | Integrated Motivational-Volitional model | capability context | Factors that may lower barriers to harmful action or increase unsafe behavior, without direct ideation/attempt labels.",1,1,1,,,,,,,,,,,,,,,"The integrated motivational-volitional model of suicidal behaviour | Philosophical Transactions of the Royal Society B (2018) | Integrated Motivational-Volitional model | capability context | Factors that may lower barriers to harmful action or increase unsafe behavior, without direct ideation/attempt labels.",,no_audit_include,110,10
environmental_safety_planning,"Volitional capability, means, and disinhibition","Volitional capability, means, and disinhibition",S33_SAFETY_PLAN_2018,Comparison of the Safety Planning Intervention With Follow-up vs Usual Care of Suicidal Patients Treated in the Emergency Department,https://pubmed.ncbi.nlm.nih.gov/29998307/,https://pubmed.ncbi.nlm.nih.gov/29998307/,1,,not_audited,"~616 OpenAlex, checked 2026-06-11",Structuring environment to reduce acute danger.,"Removing hazards, staying with someone, avoiding dangerous locations, making home safer.",General tidying or ordinary safety habit without crisis relevance.,"environmental_safety_planning. Definition: Structuring environment to reduce acute danger. What counts: Removing hazards, staying with someone, avoiding dangerous locations, making home safer. What does not count: General tidying or ordinary safety habit without crisis relevance.","Comparison of the Safety Planning Intervention With Follow-up vs Usual Care of Suicidal Patients Treated in the Emergency Department | JAMA Psychiatry (2018) | Safety Planning Intervention | protective volitional context | Factors that may lower barriers to harmful action or increase unsafe behavior, without direct ideation/attempt labels.",1,1,1,,,,,,,,,,,,,,,"Comparison of the Safety Planning Intervention With Follow-up vs Usual Care of Suicidal Patients Treated in the Emergency Department | JAMA Psychiatry (2018) | Safety Planning Intervention | protective volitional context | Factors that may lower barriers to harmful action or increase unsafe behavior, without direct ideation/attempt labels.",,no_audit_include,111,11
coping_skill_availability,"Protective buffers, coping, and care engagement","Protective buffers, coping, and care engagement",S30_CDC_2026,Risk and Protective Factors for Suicide,https://www.cdc.gov/suicide/risk-factors/index.html,https://www.cdc.gov/suicide/risk-factors/index.html,1,,not_audited,guidance/framework source; citation count not applicable,Presence of usable coping strategies or emotion regulation skills.,"Grounding, exercise, journaling, breathing, distraction, problem-focused coping, coping plan.",Says coping does not work or mentions unhealthy avoidance only.,"coping_skill_availability. Definition: Presence of usable coping strategies or emotion regulation skills. What counts: Grounding, exercise, journaling, breathing, distraction, problem-focused coping, coping plan. What does not count: Says coping does not work or mentions unhealthy avoidance only.","Risk and Protective Factors for Suicide | CDC (2026) | CDC socioecological risk/protective factors | protective factor | Reasons for living, coping, support plans, treatment engagement, means safety, and recovery capacity.",1,1,1,,,,,,,,,,,,,,,"Risk and Protective Factors for Suicide | CDC (2026) | CDC socioecological risk/protective factors | protective factor | Reasons for living, coping, support plans, treatment engagement, means safety, and recovery capacity.",,no_audit_include,112,1
problem_solving_self_efficacy,"Protective buffers, coping, and care engagement","Protective buffers, coping, and care engagement",S30_CDC_2026,Risk and Protective Factors for Suicide,https://www.cdc.gov/suicide/risk-factors/index.html,https://www.cdc.gov/suicide/risk-factors/index.html,1,,not_audited,guidance/framework source; citation count not applicable,Belief in ability to solve or manage problems.,"I can handle this step, I have options, can make a plan, know what to try next.",Vague optimism without problem-solving agency.,"problem_solving_self_efficacy. Definition: Belief in ability to solve or manage problems. What counts: I can handle this step, I have options, can make a plan, know what to try next. What does not count: Vague optimism without problem-solving agency.","Risk and Protective Factors for Suicide | CDC (2026) | CDC socioecological risk/protective factors | protective factor | Reasons for living, coping, support plans, treatment engagement, means safety, and recovery capacity.",1,1,1,,,,,,,,,,,,,,,"Risk and Protective Factors for Suicide | CDC (2026) | CDC socioecological risk/protective factors | protective factor | Reasons for living, coping, support plans, treatment engagement, means safety, and recovery capacity.",,no_audit_include,113,2
reasons_for_living,"Protective buffers, coping, and care engagement","Protective buffers, coping, and care engagement",S32_REASONS_LIVING,Reasons for Staying Alive When You Are Thinking of Killing Yourself: The Reasons for Living Inventory,https://pubmed.ncbi.nlm.nih.gov/?term=Linehan+Reasons+for+Living+Inventory+1983,https://pubmed.ncbi.nlm.nih.gov/?term=Linehan+Reasons+for+Living+Inventory+1983,1,,not_audited,"~828 OpenAlex, checked 2026-06-11","Explicit reasons, values, people, responsibilities, or commitments that keep the person engaged with life.","Family, friends, pets, goals, values, obligations, faith, future events as reasons to keep going.",Generic positive sentiment without a stated reason or anchor.,"reasons_for_living. Definition: Explicit reasons, values, people, responsibilities, or commitments that keep the person engaged with life. What counts: Family, friends, pets, goals, values, obligations, faith, future events as reasons to keep going. What does not count: Generic positive sentiment without a stated reason or anchor.","Reasons for Staying Alive When You Are Thinking of Killing Yourself: The Reasons for Living Inventory | Journal of Consulting and Clinical Psychology (1983) | Reasons for Living | protective factor | Reasons for living, coping, support plans, treatment engagement, means safety, and recovery capacity.",1,1,1,,,,,,,,,,,,,,,"Reasons for Staying Alive When You Are Thinking of Killing Yourself: The Reasons for Living Inventory | Journal of Consulting and Clinical Psychology (1983) | Reasons for Living | protective factor | Reasons for living, coping, support plans, treatment engagement, means safety, and recovery capacity.",,no_audit_include,114,3
family_responsibility_protective,"Protective buffers, coping, and care engagement","Protective buffers, coping, and care engagement",S32_REASONS_LIVING,Reasons for Staying Alive When You Are Thinking of Killing Yourself: The Reasons for Living Inventory,https://pubmed.ncbi.nlm.nih.gov/?term=Linehan+Reasons+for+Living+Inventory+1983,https://pubmed.ncbi.nlm.nih.gov/?term=Linehan+Reasons+for+Living+Inventory+1983,1,,not_audited,"~828 OpenAlex, checked 2026-06-11",Responsibility or care for family as a protective anchor.,"Children, parents, siblings, partner, family needs me, cannot abandon family.",Family stress without protective responsibility.,"family_responsibility_protective. Definition: Responsibility or care for family as a protective anchor. What counts: Children, parents, siblings, partner, family needs me, cannot abandon family. What does not count: Family stress without protective responsibility.","Reasons for Staying Alive When You Are Thinking of Killing Yourself: The Reasons for Living Inventory | Journal of Consulting and Clinical Psychology (1983) | Reasons for Living | protective factor | Reasons for living, coping, support plans, treatment engagement, means safety, and recovery capacity.",1,1,1,,,,,,,,,,,,,,,"Reasons for Staying Alive When You Are Thinking of Killing Yourself: The Reasons for Living Inventory | Journal of Consulting and Clinical Psychology (1983) | Reasons for Living | protective factor | Reasons for living, coping, support plans, treatment engagement, means safety, and recovery capacity.",,no_audit_include,115,4
pet_or_caregiving_responsibility,"Protective buffers, coping, and care engagement","Protective buffers, coping, and care engagement",S32_REASONS_LIVING,Reasons for Staying Alive When You Are Thinking of Killing Yourself: The Reasons for Living Inventory,https://pubmed.ncbi.nlm.nih.gov/?term=Linehan+Reasons+for+Living+Inventory+1983,https://pubmed.ncbi.nlm.nih.gov/?term=Linehan+Reasons+for+Living+Inventory+1983,1,,not_audited,"~828 OpenAlex, checked 2026-06-11",Responsibility for pets or dependents as a protective anchor.,"Pet needs me, I care for someone, dependent relies on me, caregiving keeps me going.",Liking animals or helping someone once without responsibility.,"pet_or_caregiving_responsibility. Definition: Responsibility for pets or dependents as a protective anchor. What counts: Pet needs me, I care for someone, dependent relies on me, caregiving keeps me going. What does not count: Liking animals or helping someone once without responsibility.","Reasons for Staying Alive When You Are Thinking of Killing Yourself: The Reasons for Living Inventory | Journal of Consulting and Clinical Psychology (1983) | Reasons for Living | protective factor | Reasons for living, coping, support plans, treatment engagement, means safety, and recovery capacity.",1,1,1,,,,,,,,,,,,,,,"Reasons for Staying Alive When You Are Thinking of Killing Yourself: The Reasons for Living Inventory | Journal of Consulting and Clinical Psychology (1983) | Reasons for Living | protective factor | Reasons for living, coping, support plans, treatment engagement, means safety, and recovery capacity.",,no_audit_include,116,5
cultural_religious_moral_objection,"Protective buffers, coping, and care engagement","Protective buffers, coping, and care engagement",S32_REASONS_LIVING,Reasons for Staying Alive When You Are Thinking of Killing Yourself: The Reasons for Living Inventory,https://pubmed.ncbi.nlm.nih.gov/?term=Linehan+Reasons+for+Living+Inventory+1983,https://pubmed.ncbi.nlm.nih.gov/?term=Linehan+Reasons+for+Living+Inventory+1983,1,,not_audited,"~828 OpenAlex, checked 2026-06-11","Cultural, religious, spiritual, or moral beliefs that inhibit self-harm/suicide.","Faith forbids it, moral objection, cultural identity gives protection, spiritual reason to live.",Religious conflict or shame without protective function.,"cultural_religious_moral_objection. Definition: Cultural, religious, spiritual, or moral beliefs that inhibit self-harm/suicide. What counts: Faith forbids it, moral objection, cultural identity gives protection, spiritual reason to live. What does not count: Religious conflict or shame without protective function.","Reasons for Staying Alive When You Are Thinking of Killing Yourself: The Reasons for Living Inventory | Journal of Consulting and Clinical Psychology (1983) | Reasons for Living | protective factor | Reasons for living, coping, support plans, treatment engagement, means safety, and recovery capacity.",1,1,1,,,,,,,,,,,,,,,"Reasons for Staying Alive When You Are Thinking of Killing Yourself: The Reasons for Living Inventory | Journal of Consulting and Clinical Psychology (1983) | Reasons for Living | protective factor | Reasons for living, coping, support plans, treatment engagement, means safety, and recovery capacity.",,no_audit_include,117,6
connectedness_protective,"Protective buffers, coping, and care engagement","Protective buffers, coping, and care engagement",S04_3ST_2021,"The three-step theory of suicide: Description, evidence, and some useful points of clarification",https://pubmed.ncbi.nlm.nih.gov/34538372/,https://pubmed.ncbi.nlm.nih.gov/34538372/,1,,not_audited,"~221 OpenAlex, checked 2026-06-11",Meaningful connection that buffers pain/hopelessness.,"Feeling connected to family/friends/community/pets, someone needs me, belonging helps me continue.",Being socially active but still feeling disconnected.,"connectedness_protective. Definition: Meaningful connection that buffers pain/hopelessness. What counts: Feeling connected to family/friends/community/pets, someone needs me, belonging helps me continue. What does not count: Being socially active but still feeling disconnected.","The three-step theory of suicide: Description, evidence, and some useful points of clarification | Preventive Medicine (2021) | Three-Step Theory | protective factor | Reasons for living, coping, support plans, treatment engagement, means safety, and recovery capacity.",1,1,1,,,,,,,,,,,,,,,"The three-step theory of suicide: Description, evidence, and some useful points of clarification | Preventive Medicine (2021) | Three-Step Theory | protective factor | Reasons for living, coping, support plans, treatment engagement, means safety, and recovery capacity.",,no_audit_include,118,7
future_orientation_positive,"Protective buffers, coping, and care engagement","Protective buffers, coping, and care engagement",S08_COG_MODEL_2008,A cognitive model of suicidal behavior: Theory and treatment,https://www.semanticscholar.org/paper/A-cognitive-model-of-suicidal-behavior%3A-Theory-and-Wenzel-Beck/0ca5b31f39e453225c41ecf429a8f8f4c59b3db6,https://www.semanticscholar.org/paper/A-cognitive-model-of-suicidal-behavior%3A-Theory-and-Wenzel-Beck/0ca5b31f39e453225c41ecf429a8f8f4c59b3db6,1,,not_audited,"~478 OpenAlex, checked 2026-06-11",Positive or possible future orientation.,"Plans, hope for improvement, future goals, looking forward, belief relief is possible.",Deadline planning without positive future meaning.,"future_orientation_positive. Definition: Positive or possible future orientation. What counts: Plans, hope for improvement, future goals, looking forward, belief relief is possible. What does not count: Deadline planning without positive future meaning.","A cognitive model of suicidal behavior: Theory and treatment | Applied and Preventive Psychology (2008) | Cognitive model / suicide mode | protective cognitive factor | Reasons for living, coping, support plans, treatment engagement, means safety, and recovery capacity.",1,1,1,,,,,,,,,,,,,,,"A cognitive model of suicidal behavior: Theory and treatment | Applied and Preventive Psychology (2008) | Cognitive model / suicide mode | protective cognitive factor | Reasons for living, coping, support plans, treatment engagement, means safety, and recovery capacity.",,no_audit_include,119,8
hope_or_relief_expectancy,"Protective buffers, coping, and care engagement","Protective buffers, coping, and care engagement",S30_CDC_2026,Risk and Protective Factors for Suicide,https://www.cdc.gov/suicide/risk-factors/index.html,https://www.cdc.gov/suicide/risk-factors/index.html,1,,not_audited,guidance/framework source; citation count not applicable,"Belief that relief, improvement, or care remains possible.","It may get better, I can get through tonight, relief is possible, treatment might help.",Sarcastic or empty use of hope without expectancy.,"hope_or_relief_expectancy. Definition: Belief that relief, improvement, or care remains possible. What counts: It may get better, I can get through tonight, relief is possible, treatment might help. What does not count: Sarcastic or empty use of hope without expectancy.","Risk and Protective Factors for Suicide | CDC (2026) | CDC socioecological risk/protective factors | protective cognitive factor | Reasons for living, coping, support plans, treatment engagement, means safety, and recovery capacity.",1,1,1,,,,,,,,,,,,,,,"Risk and Protective Factors for Suicide | CDC (2026) | CDC socioecological risk/protective factors | protective cognitive factor | Reasons for living, coping, support plans, treatment engagement, means safety, and recovery capacity.",,no_audit_include,120,9
help_seeking_or_treatment_engagement,"Protective buffers, coping, and care engagement","Protective buffers, coping, and care engagement",S30_CDC_2026,Risk and Protective Factors for Suicide,https://www.cdc.gov/suicide/risk-factors/index.html,https://www.cdc.gov/suicide/risk-factors/index.html,1,,not_audited,guidance/framework source; citation count not applicable,"Seeking or using professional, peer, or crisis support.","Calling hotline, therapy appointment, asking doctor, joining support group, reaching out for help.",Mentions treatment abstractly or refuses all help.,"help_seeking_or_treatment_engagement. Definition: Seeking or using professional, peer, or crisis support. What counts: Calling hotline, therapy appointment, asking doctor, joining support group, reaching out for help. What does not count: Mentions treatment abstractly or refuses all help.","Risk and Protective Factors for Suicide | CDC (2026) | CDC socioecological risk/protective factors | care engagement | Reasons for living, coping, support plans, treatment engagement, means safety, and recovery capacity.",1,1,1,,,,,,,,,,,,,,,"Risk and Protective Factors for Suicide | CDC (2026) | CDC socioecological risk/protective factors | care engagement | Reasons for living, coping, support plans, treatment engagement, means safety, and recovery capacity.",,no_audit_include,121,10
therapy_or_medication_engagement,"Protective buffers, coping, and care engagement","Protective buffers, coping, and care engagement",S46_COPPERSMITH_2018,Natural Language Processing of Social Media as Screening for Suicide Risk,https://pmc.ncbi.nlm.nih.gov/articles/PMC6111391/,https://pmc.ncbi.nlm.nih.gov/articles/PMC6111391/,1,,not_audited,"~516 OpenAlex, checked 2026-06-11","Engagement with therapy, medication, or mental health treatment.","Taking meds, seeing therapist, treatment working, adjusting care, psychiatric appointment.",Medication side effects only without engagement or care context.,"therapy_or_medication_engagement. Definition: Engagement with therapy, medication, or mental health treatment. What counts: Taking meds, seeing therapist, treatment working, adjusting care, psychiatric appointment. What does not count: Medication side effects only without engagement or care context.","Natural Language Processing of Social Media as Screening for Suicide Risk | Biomedical Informatics Insights (2018) | NLP screening from social media | care engagement | Reasons for living, coping, support plans, treatment engagement, means safety, and recovery capacity.",1,1,1,,,,,,,,,,,,,,,"Natural Language Processing of Social Media as Screening for Suicide Risk | Biomedical Informatics Insights (2018) | NLP screening from social media | care engagement | Reasons for living, coping, support plans, treatment engagement, means safety, and recovery capacity.",,no_audit_include,122,11
safety_plan_reference,"Protective buffers, coping, and care engagement","Protective buffers, coping, and care engagement",S33_SAFETY_PLAN_2018,Comparison of the Safety Planning Intervention With Follow-up vs Usual Care of Suicidal Patients Treated in the Emergency Department,https://pubmed.ncbi.nlm.nih.gov/29998307/,https://pubmed.ncbi.nlm.nih.gov/29998307/,1,,not_audited,"~616 OpenAlex, checked 2026-06-11",Mention of a structured safety plan or personal crisis plan.,"Safety plan, crisis plan, written steps, warning signs and coping list, plan made with clinician.","Vague desire to be safe without structured warning signs, steps, contacts, or means-safety actions.","safety_plan_reference. Definition: Mention of a structured safety plan or personal crisis plan. What counts: Safety plan, crisis plan, written steps, warning signs and coping list, plan made with clinician. What does not count: Vague desire to be safe without structured warning signs, steps, contacts, or means-safety actions.","Comparison of the Safety Planning Intervention With Follow-up vs Usual Care of Suicidal Patients Treated in the Emergency Department | JAMA Psychiatry (2018) | Safety Planning Intervention | intervention/protective | Reasons for living, coping, support plans, treatment engagement, means safety, and recovery capacity.",1,1,1,,,,,,,,,,,,,,,"Comparison of the Safety Planning Intervention With Follow-up vs Usual Care of Suicidal Patients Treated in the Emergency Department | JAMA Psychiatry (2018) | Safety Planning Intervention | intervention/protective | Reasons for living, coping, support plans, treatment engagement, means safety, and recovery capacity.",,no_audit_include,123,12
support_contact_plan,"Protective buffers, coping, and care engagement","Protective buffers, coping, and care engagement",S33_SAFETY_PLAN_2018,Comparison of the Safety Planning Intervention With Follow-up vs Usual Care of Suicidal Patients Treated in the Emergency Department,https://pubmed.ncbi.nlm.nih.gov/29998307/,https://pubmed.ncbi.nlm.nih.gov/29998307/,1,,not_audited,"~616 OpenAlex, checked 2026-06-11",Identified person/service to contact during crisis.,"Will call friend/family/therapist/hotline, list of support contacts, promised to reach out.",General social support without contact plan.,"support_contact_plan. Definition: Identified person/service to contact during crisis. What counts: Will call friend/family/therapist/hotline, list of support contacts, promised to reach out. What does not count: General social support without contact plan.","Comparison of the Safety Planning Intervention With Follow-up vs Usual Care of Suicidal Patients Treated in the Emergency Department | JAMA Psychiatry (2018) | Safety Planning Intervention | intervention/protective | Reasons for living, coping, support plans, treatment engagement, means safety, and recovery capacity.",1,1,1,,,,,,,,,,,,,,,"Comparison of the Safety Planning Intervention With Follow-up vs Usual Care of Suicidal Patients Treated in the Emergency Department | JAMA Psychiatry (2018) | Safety Planning Intervention | intervention/protective | Reasons for living, coping, support plans, treatment engagement, means safety, and recovery capacity.",,no_audit_include,124,13
means_safety_action,"Protective buffers, coping, and care engagement","Protective buffers, coping, and care engagement",S33_SAFETY_PLAN_2018,Comparison of the Safety Planning Intervention With Follow-up vs Usual Care of Suicidal Patients Treated in the Emergency Department,https://pubmed.ncbi.nlm.nih.gov/29998307/,https://pubmed.ncbi.nlm.nih.gov/29998307/,1,,not_audited,"~616 OpenAlex, checked 2026-06-11",Action to reduce access to dangerous means.,"Locked meds, gave away weapon, removed dangerous object, asked someone to supervise means.",Thinking about means without safety action.,"means_safety_action. Definition: Action to reduce access to dangerous means. What counts: Locked meds, gave away weapon, removed dangerous object, asked someone to supervise means. What does not count: Thinking about means without safety action.","Comparison of the Safety Planning Intervention With Follow-up vs Usual Care of Suicidal Patients Treated in the Emergency Department | JAMA Psychiatry (2018) | Safety Planning Intervention | intervention/protective | Reasons for living, coping, support plans, treatment engagement, means safety, and recovery capacity.",1,1,1,,,,,,,,,,,,,,,"Comparison of the Safety Planning Intervention With Follow-up vs Usual Care of Suicidal Patients Treated in the Emergency Department | JAMA Psychiatry (2018) | Safety Planning Intervention | intervention/protective | Reasons for living, coping, support plans, treatment engagement, means safety, and recovery capacity.",,no_audit_include,125,14
recovery_capacity_buffer,"Protective buffers, coping, and care engagement","Protective buffers, coping, and care engagement",S09_FVT_2006,Fluid Vulnerability Theory: A Cognitive Approach to Understanding the Process of Acute and Chronic Suicide Risk,https://pmc.ncbi.nlm.nih.gov/articles/PMC7050543/,https://pmc.ncbi.nlm.nih.gov/articles/PMC7050543/,1,,not_audited,"~423 OpenAlex, checked 2026-06-11","Capacity to return from acute risk toward baseline through skills, support, or treatment.","I can stabilize, crisis passes with support, recovery plan, skills help me come back down.",Chronic vulnerability without recovery process.,"recovery_capacity_buffer. Definition: Capacity to return from acute risk toward baseline through skills, support, or treatment. What counts: I can stabilize, crisis passes with support, recovery plan, skills help me come back down. What does not count: Chronic vulnerability without recovery process.","Fluid Vulnerability Theory: A Cognitive Approach to Understanding the Process of Acute and Chronic Suicide Risk | Cognition and Suicide: Theory, Research, and Therapy (2006) | Fluid Vulnerability Theory | dynamic protective factor | Reasons for living, coping, support plans, treatment engagement, means safety, and recovery capacity.",1,1,1,,,,,,,,,,,,,,,"Fluid Vulnerability Theory: A Cognitive Approach to Understanding the Process of Acute and Chronic Suicide Risk | Cognition and Suicide: Theory, Research, and Therapy (2006) | Fluid Vulnerability Theory | dynamic protective factor | Reasons for living, coping, support plans, treatment engagement, means safety, and recovery capacity.",,no_audit_include,126,15
sense_of_purpose_meaning,"Protective buffers, coping, and care engagement","Protective buffers, coping, and care engagement",S32_REASONS_LIVING,Reasons for Staying Alive When You Are Thinking of Killing Yourself: The Reasons for Living Inventory,https://pubmed.ncbi.nlm.nih.gov/?term=Linehan+Reasons+for+Living+Inventory+1983,https://pubmed.ncbi.nlm.nih.gov/?term=Linehan+Reasons+for+Living+Inventory+1983,1,,not_audited,"~828 OpenAlex, checked 2026-06-11","Purpose, meaning, values, or valued future role supporting engagement with life.","My purpose, values, meaning, mission, future role, something I still care about.",Generic task or obligation without meaning.,"sense_of_purpose_meaning. Definition: Purpose, meaning, values, or valued future role supporting engagement with life. What counts: My purpose, values, meaning, mission, future role, something I still care about. What does not count: Generic task or obligation without meaning.","Reasons for Staying Alive When You Are Thinking of Killing Yourself: The Reasons for Living Inventory | Journal of Consulting and Clinical Psychology (1983) | Reasons for Living | protective meaning factor | Reasons for living, coping, support plans, treatment engagement, means safety, and recovery capacity.",1,1,1,,,,,,,,,,,,,,,"Reasons for Staying Alive When You Are Thinking of Killing Yourself: The Reasons for Living Inventory | Journal of Consulting and Clinical Psychology (1983) | Reasons for Living | protective meaning factor | Reasons for living, coping, support plans, treatment engagement, means safety, and recovery capacity.",,no_audit_include,127,16
adaptive_distraction_or_grounding,"Protective buffers, coping, and care engagement","Protective buffers, coping, and care engagement",S33_SAFETY_PLAN_2018,Comparison of the Safety Planning Intervention With Follow-up vs Usual Care of Suicidal Patients Treated in the Emergency Department,https://pubmed.ncbi.nlm.nih.gov/29998307/,https://pubmed.ncbi.nlm.nih.gov/29998307/,1,,not_audited,"~616 OpenAlex, checked 2026-06-11","Short-term adaptive distraction, grounding, or calming behavior.","Grounding, cold water, walk, music, game, breathing, distracting until urge/crisis passes.",Avoidance that worsens problems or harmful distraction.,"adaptive_distraction_or_grounding. Definition: Short-term adaptive distraction, grounding, or calming behavior. What counts: Grounding, cold water, walk, music, game, breathing, distracting until urge/crisis passes. What does not count: Avoidance that worsens problems or harmful distraction.","Comparison of the Safety Planning Intervention With Follow-up vs Usual Care of Suicidal Patients Treated in the Emergency Department | JAMA Psychiatry (2018) | Safety Planning Intervention | coping factor | Reasons for living, coping, support plans, treatment engagement, means safety, and recovery capacity.",1,1,1,,,,,,,,,,,,,,,"Comparison of the Safety Planning Intervention With Follow-up vs Usual Care of Suicidal Patients Treated in the Emergency Department | JAMA Psychiatry (2018) | Safety Planning Intervention | coping factor | Reasons for living, coping, support plans, treatment engagement, means safety, and recovery capacity.",,no_audit_include,128,17
willingness_to_wait_or_delay,"Protective buffers, coping, and care engagement","Protective buffers, coping, and care engagement",S33_SAFETY_PLAN_2018,Comparison of the Safety Planning Intervention With Follow-up vs Usual Care of Suicidal Patients Treated in the Emergency Department,https://pubmed.ncbi.nlm.nih.gov/29998307/,https://pubmed.ncbi.nlm.nih.gov/29998307/,1,,not_audited,"~616 OpenAlex, checked 2026-06-11","Commitment to wait, delay action, or get through a short time window.","Will wait until morning, get through tonight, delay decisions, promise to pause and contact someone.",Procrastination or waiting unrelated to crisis/safety.,"willingness_to_wait_or_delay. Definition: Commitment to wait, delay action, or get through a short time window. What counts: Will wait until morning, get through tonight, delay decisions, promise to pause and contact someone. What does not count: Procrastination or waiting unrelated to crisis/safety.","Comparison of the Safety Planning Intervention With Follow-up vs Usual Care of Suicidal Patients Treated in the Emergency Department | JAMA Psychiatry (2018) | Safety Planning Intervention | protective crisis management | Reasons for living, coping, support plans, treatment engagement, means safety, and recovery capacity.",1,1,1,,,,,,,,,,,,,,,"Comparison of the Safety Planning Intervention With Follow-up vs Usual Care of Suicidal Patients Treated in the Emergency Department | JAMA Psychiatry (2018) | Safety Planning Intervention | protective crisis management | Reasons for living, coping, support plans, treatment engagement, means safety, and recovery capacity.",,no_audit_include,129,18
first_person_self_focus,Digital disclosure and psycholinguistic expression,Digital disclosure and psycholinguistic expression,S44_LIWC_2022,The Development and Psychometric Properties of LIWC-22,https://www.liwc.app/static/documents/LIWC-22%20Manual%20-%20Development%20and%20Psychometrics.pdf,https://www.liwc.app/static/documents/LIWC-22%20Manual%20-%20Development%20and%20Psychometrics.pdf,1,,not_audited,psycholinguistic framework/manual; citation count not applicable,High self-referential language indicating inward focus.,"Repeated I/me/my/self statements centered on personal distress, identity, body, or failure.",Normal first-person narration without self-focused distress.,"first_person_self_focus. Definition: High self-referential language indicating inward focus. What counts: Repeated I/me/my/self statements centered on personal distress, identity, body, or failure. What does not count: Normal first-person narration without self-focused distress.","The Development and Psychometric Properties of LIWC-22 | LIWC manual (2022) | LIWC psycholinguistic categories | psycholinguistic marker | Social-media observable expression: self-focus, affective/cognitive language, disclosure, online support, and temporal shifts.",1,1,1,,,,,,,,,,,,,,,"The Development and Psychometric Properties of LIWC-22 | LIWC manual (2022) | LIWC psycholinguistic categories | psycholinguistic marker | Social-media observable expression: self-focus, affective/cognitive language, disclosure, online support, and temporal shifts.",,no_audit_include,130,1
negative_affect_language,Digital disclosure and psycholinguistic expression,Digital disclosure and psycholinguistic expression,S44_LIWC_2022,The Development and Psychometric Properties of LIWC-22,https://www.liwc.app/static/documents/LIWC-22%20Manual%20-%20Development%20and%20Psychometrics.pdf,https://www.liwc.app/static/documents/LIWC-22%20Manual%20-%20Development%20and%20Psychometrics.pdf,1,,not_audited,psycholinguistic framework/manual; citation count not applicable,Use of negative emotion words or phrases.,"Sad, angry, scared, hopeless, miserable, hate, terrible, painful emotional words.",Negative factual description without emotion or distress.,"negative_affect_language. Definition: Use of negative emotion words or phrases. What counts: Sad, angry, scared, hopeless, miserable, hate, terrible, painful emotional words. What does not count: Negative factual description without emotion or distress.","The Development and Psychometric Properties of LIWC-22 | LIWC manual (2022) | LIWC psycholinguistic categories | psycholinguistic marker | Social-media observable expression: self-focus, affective/cognitive language, disclosure, online support, and temporal shifts.",1,1,1,,,,,,,,,,,,,,,"The Development and Psychometric Properties of LIWC-22 | LIWC manual (2022) | LIWC psycholinguistic categories | psycholinguistic marker | Social-media observable expression: self-focus, affective/cognitive language, disclosure, online support, and temporal shifts.",,no_audit_include,131,2
positive_affect_language,Digital disclosure and psycholinguistic expression,Digital disclosure and psycholinguistic expression,S44_LIWC_2022,The Development and Psychometric Properties of LIWC-22,https://www.liwc.app/static/documents/LIWC-22%20Manual%20-%20Development%20and%20Psychometrics.pdf,https://www.liwc.app/static/documents/LIWC-22%20Manual%20-%20Development%20and%20Psychometrics.pdf,1,,not_audited,psycholinguistic framework/manual; citation count not applicable,"Positive emotion, relief, gratitude, or warmth in text.","Grateful, glad, relieved, happy, proud, love, thankful, hopeful affect words.",Sarcasm or positivity quoted from others without personal positive affect.,"positive_affect_language. Definition: Positive emotion, relief, gratitude, or warmth in text. What counts: Grateful, glad, relieved, happy, proud, love, thankful, hopeful affect words. What does not count: Sarcasm or positivity quoted from others without personal positive affect.","The Development and Psychometric Properties of LIWC-22 | LIWC manual (2022) | LIWC psycholinguistic categories | psycholinguistic/protective marker | Social-media observable expression: self-focus, affective/cognitive language, disclosure, online support, and temporal shifts.",1,1,1,,,,,,,,,,,,,,,"The Development and Psychometric Properties of LIWC-22 | LIWC manual (2022) | LIWC psycholinguistic categories | psycholinguistic/protective marker | Social-media observable expression: self-focus, affective/cognitive language, disclosure, online support, and temporal shifts.",,no_audit_include,132,3
death_morbid_lexicon,Digital disclosure and psycholinguistic expression,Digital disclosure and psycholinguistic expression,S44_LIWC_2022,The Development and Psychometric Properties of LIWC-22,https://www.liwc.app/static/documents/LIWC-22%20Manual%20-%20Development%20and%20Psychometrics.pdf,https://www.liwc.app/static/documents/LIWC-22%20Manual%20-%20Development%20and%20Psychometrics.pdf,1,,not_audited,psycholinguistic framework/manual; citation count not applicable,"Death, dying, funeral, corpse, grave, or morbid vocabulary without direct suicide intent/attempt label.",Death/dying/funeral/grave/morbid words in personal context.,"Direct suicidal ideation, suicide plan, or attempt statement; news/fiction/song lyric only.","death_morbid_lexicon. Definition: Death, dying, funeral, corpse, grave, or morbid vocabulary without direct suicide intent/attempt label. What counts: Death/dying/funeral/grave/morbid words in personal context. What does not count: Direct suicidal ideation, suicide plan, or attempt statement; news/fiction/song lyric only.","The Development and Psychometric Properties of LIWC-22 | LIWC manual (2022) | LIWC psycholinguistic categories | psycholinguistic marker | Social-media observable expression: self-focus, affective/cognitive language, disclosure, online support, and temporal shifts.",1,1,1,,,,,,,,,,,,,,,"The Development and Psychometric Properties of LIWC-22 | LIWC manual (2022) | LIWC psycholinguistic categories | psycholinguistic marker | Social-media observable expression: self-focus, affective/cognitive language, disclosure, online support, and temporal shifts.",,no_audit_include,133,4
absolutist_language,Digital disclosure and psycholinguistic expression,Digital disclosure and psycholinguistic expression,S49_ABSOLUTIST_2018,"In an Absolute State: Elevated Use of Absolutist Words Is a Marker Specific to Anxiety, Depression, and Suicidal Ideation",https://pmc.ncbi.nlm.nih.gov/articles/PMC6376956/,https://pmc.ncbi.nlm.nih.gov/articles/PMC6376956/,1,,not_audited,"~291 OpenAlex, checked 2026-06-11",All-or-nothing lexical style using absolute terms.,"Always, never, everyone, no one, completely, totally, forever, impossible used in distress appraisals.",Absolute terms in literal factual statements without cognitive rigidity.,"absolutist_language. Definition: All-or-nothing lexical style using absolute terms. What counts: Always, never, everyone, no one, completely, totally, forever, impossible used in distress appraisals. What does not count: Absolute terms in literal factual statements without cognitive rigidity.","In an Absolute State: Elevated Use of Absolutist Words Is a Marker Specific to Anxiety, Depression, and Suicidal Ideation | Clinical Psychological Science (2018) | Absolutist language analysis | psycholinguistic/cognitive marker | Social-media observable expression: self-focus, affective/cognitive language, disclosure, online support, and temporal shifts.",1,1,1,,,,,,,,,,,,,,,"In an Absolute State: Elevated Use of Absolutist Words Is a Marker Specific to Anxiety, Depression, and Suicidal Ideation | Clinical Psychological Science (2018) | Absolutist language analysis | psycholinguistic/cognitive marker | Social-media observable expression: self-focus, affective/cognitive language, disclosure, online support, and temporal shifts.",,no_audit_include,134,5
cognitive_process_language,Digital disclosure and psycholinguistic expression,Digital disclosure and psycholinguistic expression,S44_LIWC_2022,The Development and Psychometric Properties of LIWC-22,https://www.liwc.app/static/documents/LIWC-22%20Manual%20-%20Development%20and%20Psychometrics.pdf,https://www.liwc.app/static/documents/LIWC-22%20Manual%20-%20Development%20and%20Psychometrics.pdf,1,,not_audited,psycholinguistic framework/manual; citation count not applicable,"Words marking thinking, causation, certainty, discrepancy, or insight.","Because, think, know, should, would, why, understand, realize, maybe, certainty/uncertainty words.",Technical explanation without psychological relevance.,"cognitive_process_language. Definition: Words marking thinking, causation, certainty, discrepancy, or insight. What counts: Because, think, know, should, would, why, understand, realize, maybe, certainty/uncertainty words. What does not count: Technical explanation without psychological relevance.","The Development and Psychometric Properties of LIWC-22 | LIWC manual (2022) | LIWC psycholinguistic categories | psycholinguistic marker | Social-media observable expression: self-focus, affective/cognitive language, disclosure, online support, and temporal shifts.",1,1,1,,,,,,,,,,,,,,,"The Development and Psychometric Properties of LIWC-22 | LIWC manual (2022) | LIWC psycholinguistic categories | psycholinguistic marker | Social-media observable expression: self-focus, affective/cognitive language, disclosure, online support, and temporal shifts.",,no_audit_include,135,6
negation_language,Digital disclosure and psycholinguistic expression,Digital disclosure and psycholinguistic expression,S44_LIWC_2022,The Development and Psychometric Properties of LIWC-22,https://www.liwc.app/static/documents/LIWC-22%20Manual%20-%20Development%20and%20Psychometrics.pdf,https://www.liwc.app/static/documents/LIWC-22%20Manual%20-%20Development%20and%20Psychometrics.pdf,1,,not_audited,psycholinguistic framework/manual; citation count not applicable,"Use of negation that may indicate denial, impossibility, rejection, or absence.","No, not, never, nothing, nobody, cannot, do not in psychologically meaningful statements.",Routine grammatical negation without distress or risk meaning.,"negation_language. Definition: Use of negation that may indicate denial, impossibility, rejection, or absence. What counts: No, not, never, nothing, nobody, cannot, do not in psychologically meaningful statements. What does not count: Routine grammatical negation without distress or risk meaning.","The Development and Psychometric Properties of LIWC-22 | LIWC manual (2022) | LIWC psycholinguistic categories | psycholinguistic marker | Social-media observable expression: self-focus, affective/cognitive language, disclosure, online support, and temporal shifts.",1,1,1,,,,,,,,,,,,,,,"The Development and Psychometric Properties of LIWC-22 | LIWC manual (2022) | LIWC psycholinguistic categories | psycholinguistic marker | Social-media observable expression: self-focus, affective/cognitive language, disclosure, online support, and temporal shifts.",,no_audit_include,136,7
social_reference_language,Digital disclosure and psycholinguistic expression,Digital disclosure and psycholinguistic expression,S44_LIWC_2022,The Development and Psychometric Properties of LIWC-22,https://www.liwc.app/static/documents/LIWC-22%20Manual%20-%20Development%20and%20Psychometrics.pdf,https://www.liwc.app/static/documents/LIWC-22%20Manual%20-%20Development%20and%20Psychometrics.pdf,1,,not_audited,psycholinguistic framework/manual; citation count not applicable,"Words referring to people, relationships, groups, family, friends, or social roles.","Friend, family, partner, everyone, people, they, community, class, coworkers.",Non-social use of terms or named entities without relationship meaning.,"social_reference_language. Definition: Words referring to people, relationships, groups, family, friends, or social roles. What counts: Friend, family, partner, everyone, people, they, community, class, coworkers. What does not count: Non-social use of terms or named entities without relationship meaning.","The Development and Psychometric Properties of LIWC-22 | LIWC manual (2022) | LIWC psycholinguistic categories | psycholinguistic/interpersonal marker | Social-media observable expression: self-focus, affective/cognitive language, disclosure, online support, and temporal shifts.",1,1,1,,,,,,,,,,,,,,,"The Development and Psychometric Properties of LIWC-22 | LIWC manual (2022) | LIWC psycholinguistic categories | psycholinguistic/interpersonal marker | Social-media observable expression: self-focus, affective/cognitive language, disclosure, online support, and temporal shifts.",,no_audit_include,137,8
temporal_shift_toward_crisis,Digital disclosure and psycholinguistic expression,Digital disclosure and psycholinguistic expression,S45_DECHOUDHURY_2016,Discovering Shifts to Suicidal Ideation from Mental Health Content in Social Media,https://pmc.ncbi.nlm.nih.gov/articles/PMC5659860/,https://pmc.ncbi.nlm.nih.gov/articles/PMC5659860/,1,,not_audited,"~725 OpenAlex, checked 2026-06-11",Post language indicates recent worsening or transition toward acute crisis.,"Lately getting worse, tonight is different, spiraling, sudden change, crossing a threshold.",Stable symptom description with no temporal shift.,"temporal_shift_toward_crisis. Definition: Post language indicates recent worsening or transition toward acute crisis. What counts: Lately getting worse, tonight is different, spiraling, sudden change, crossing a threshold. What does not count: Stable symptom description with no temporal shift.","Discovering Shifts to Suicidal Ideation from Mental Health Content in Social Media | CHI (2016) | Social media transition analysis | digital temporal marker | Social-media observable expression: self-focus, affective/cognitive language, disclosure, online support, and temporal shifts.",1,1,1,,,,,,,,,,,,,,,"Discovering Shifts to Suicidal Ideation from Mental Health Content in Social Media | CHI (2016) | Social media transition analysis | digital temporal marker | Social-media observable expression: self-focus, affective/cognitive language, disclosure, online support, and temporal shifts.",,no_audit_include,138,9
mental_health_self_disclosure,Digital disclosure and psycholinguistic expression,Digital disclosure and psycholinguistic expression,S46_COPPERSMITH_2018,Natural Language Processing of Social Media as Screening for Suicide Risk,https://pmc.ncbi.nlm.nih.gov/articles/PMC6111391/,https://pmc.ncbi.nlm.nih.gov/articles/PMC6111391/,1,,not_audited,"~516 OpenAlex, checked 2026-06-11","Self-disclosure of mental health symptoms, treatment, or struggles.","I have depression/anxiety symptoms, therapy, meds, diagnosis mention, mental health disclosure.",Giving advice about mental health without self-disclosure.,"mental_health_self_disclosure. Definition: Self-disclosure of mental health symptoms, treatment, or struggles. What counts: I have depression/anxiety symptoms, therapy, meds, diagnosis mention, mental health disclosure. What does not count: Giving advice about mental health without self-disclosure.","Natural Language Processing of Social Media as Screening for Suicide Risk | Biomedical Informatics Insights (2018) | NLP screening from social media | digital disclosure marker | Social-media observable expression: self-focus, affective/cognitive language, disclosure, online support, and temporal shifts.",1,1,1,,,,,,,,,,,,,,,"Natural Language Processing of Social Media as Screening for Suicide Risk | Biomedical Informatics Insights (2018) | NLP screening from social media | digital disclosure marker | Social-media observable expression: self-focus, affective/cognitive language, disclosure, online support, and temporal shifts.",,no_audit_include,139,10
treatment_history_disclosure,Digital disclosure and psycholinguistic expression,Digital disclosure and psycholinguistic expression,S46_COPPERSMITH_2018,Natural Language Processing of Social Media as Screening for Suicide Risk,https://pmc.ncbi.nlm.nih.gov/articles/PMC6111391/,https://pmc.ncbi.nlm.nih.gov/articles/PMC6111391/,1,,not_audited,"~516 OpenAlex, checked 2026-06-11","Disclosure of treatment history, service use, hospitalization, medication, or therapy.","Was hospitalized, saw therapist, took meds, outpatient program, treatment history.",General opinion about therapy without own treatment history.,"treatment_history_disclosure. Definition: Disclosure of treatment history, service use, hospitalization, medication, or therapy. What counts: Was hospitalized, saw therapist, took meds, outpatient program, treatment history. What does not count: General opinion about therapy without own treatment history.","Natural Language Processing of Social Media as Screening for Suicide Risk | Biomedical Informatics Insights (2018) | NLP screening from social media | digital disclosure/care marker | Social-media observable expression: self-focus, affective/cognitive language, disclosure, online support, and temporal shifts.",1,1,1,,,,,,,,,,,,,,,"Natural Language Processing of Social Media as Screening for Suicide Risk | Biomedical Informatics Insights (2018) | NLP screening from social media | digital disclosure/care marker | Social-media observable expression: self-focus, affective/cognitive language, disclosure, online support, and temporal shifts.",,no_audit_include,140,11
help_seeking_language,Digital disclosure and psycholinguistic expression,Digital disclosure and psycholinguistic expression,S45_DECHOUDHURY_2016,Discovering Shifts to Suicidal Ideation from Mental Health Content in Social Media,https://pmc.ncbi.nlm.nih.gov/articles/PMC5659860/,https://pmc.ncbi.nlm.nih.gov/articles/PMC5659860/,1,,not_audited,"~725 OpenAlex, checked 2026-06-11","Language asking for help, advice, resources, or urgent support online.","Please help, what should I do, need advice, anyone to talk, where can I get help.",Pure venting or rhetorical questions without help-seeking.,"help_seeking_language. Definition: Language asking for help, advice, resources, or urgent support online. What counts: Please help, what should I do, need advice, anyone to talk, where can I get help. What does not count: Pure venting or rhetorical questions without help-seeking.","Discovering Shifts to Suicidal Ideation from Mental Health Content in Social Media | CHI (2016) | Social media transition analysis | digital/protective marker | Social-media observable expression: self-focus, affective/cognitive language, disclosure, online support, and temporal shifts.",1,1,1,,,,,,,,,,,,,,,"Discovering Shifts to Suicidal Ideation from Mental Health Content in Social Media | CHI (2016) | Social media transition analysis | digital/protective marker | Social-media observable expression: self-focus, affective/cognitive language, disclosure, online support, and temporal shifts.",,no_audit_include,141,12
reduced_social_cohesion_online,Digital disclosure and psycholinguistic expression,Digital disclosure and psycholinguistic expression,S45_DECHOUDHURY_2016,Discovering Shifts to Suicidal Ideation from Mental Health Content in Social Media,https://pmc.ncbi.nlm.nih.gov/articles/PMC5659860/,https://pmc.ncbi.nlm.nih.gov/articles/PMC5659860/,1,,not_audited,"~725 OpenAlex, checked 2026-06-11",Signals that online or offline community engagement is shrinking or fragmented.,"Leaving groups, no replies, communities no longer help, fewer interactions, isolation in online spaces.",Posting less due to busyness or platform preference.,"reduced_social_cohesion_online. Definition: Signals that online or offline community engagement is shrinking or fragmented. What counts: Leaving groups, no replies, communities no longer help, fewer interactions, isolation in online spaces. What does not count: Posting less due to busyness or platform preference.","Discovering Shifts to Suicidal Ideation from Mental Health Content in Social Media | CHI (2016) | Social media transition analysis | digital behavior marker | Social-media observable expression: self-focus, affective/cognitive language, disclosure, online support, and temporal shifts.",1,1,1,,,,,,,,,,,,,,,"Discovering Shifts to Suicidal Ideation from Mental Health Content in Social Media | CHI (2016) | Social media transition analysis | digital behavior marker | Social-media observable expression: self-focus, affective/cognitive language, disclosure, online support, and temporal shifts.",,no_audit_include,142,13
online_support_exchange,Digital disclosure and psycholinguistic expression,Digital disclosure and psycholinguistic expression,S48_SOCIAL_SUPPORT_2017,The Language of Social Support in Social Media and its Effect on Suicidal Ideation Risk,https://pmc.ncbi.nlm.nih.gov/articles/PMC5565730/,https://pmc.ncbi.nlm.nih.gov/articles/PMC5565730/,1,,not_audited,"~211 OpenAlex, checked 2026-06-11","Online giving, receiving, or seeking of support in a community.","Supportive comments, advice, comfort, resource sharing, asking community for help.",General posting without support exchange.,"online_support_exchange. Definition: Online giving, receiving, or seeking of support in a community. What counts: Supportive comments, advice, comfort, resource sharing, asking community for help. What does not count: General posting without support exchange.","The Language of Social Support in Social Media and its Effect on Suicidal Ideation Risk | ICWSM / PMC (2017) | Online social support analysis | digital support marker | Social-media observable expression: self-focus, affective/cognitive language, disclosure, online support, and temporal shifts.",1,1,1,,,,,,,,,,,,,,,"The Language of Social Support in Social Media and its Effect on Suicidal Ideation Risk | ICWSM / PMC (2017) | Online social support analysis | digital support marker | Social-media observable expression: self-focus, affective/cognitive language, disclosure, online support, and temporal shifts.",,no_audit_include,143,14
esteem_support_language,Digital disclosure and psycholinguistic expression,Digital disclosure and psycholinguistic expression,S48_SOCIAL_SUPPORT_2017,The Language of Social Support in Social Media and its Effect on Suicidal Ideation Risk,https://pmc.ncbi.nlm.nih.gov/articles/PMC5565730/,https://pmc.ncbi.nlm.nih.gov/articles/PMC5565730/,1,,not_audited,"~211 OpenAlex, checked 2026-06-11","Language that gives or receives validation, worth, encouragement, or reassurance.","You matter, proud of you, they told me I matter, validation, encouragement.",Generic agreement without esteem or emotional support.,"esteem_support_language. Definition: Language that gives or receives validation, worth, encouragement, or reassurance. What counts: You matter, proud of you, they told me I matter, validation, encouragement. What does not count: Generic agreement without esteem or emotional support.","The Language of Social Support in Social Media and its Effect on Suicidal Ideation Risk | ICWSM / PMC (2017) | Online social support analysis | digital/protective marker | Social-media observable expression: self-focus, affective/cognitive language, disclosure, online support, and temporal shifts.",1,1,1,,,,,,,,,,,,,,,"The Language of Social Support in Social Media and its Effect on Suicidal Ideation Risk | ICWSM / PMC (2017) | Online social support analysis | digital/protective marker | Social-media observable expression: self-focus, affective/cognitive language, disclosure, online support, and temporal shifts.",,no_audit_include,144,15
informational_support_language,Digital disclosure and psycholinguistic expression,Digital disclosure and psycholinguistic expression,S48_SOCIAL_SUPPORT_2017,The Language of Social Support in Social Media and its Effect on Suicidal Ideation Risk,https://pmc.ncbi.nlm.nih.gov/articles/PMC5565730/,https://pmc.ncbi.nlm.nih.gov/articles/PMC5565730/,1,,not_audited,"~211 OpenAlex, checked 2026-06-11","Advice, resources, explanations, or practical information offered/received online.","Resource links, coping advice, treatment information, step-by-step suggestions, crisis resources.",Unsolicited judgment or vague opinion without useful information.,"informational_support_language. Definition: Advice, resources, explanations, or practical information offered/received online. What counts: Resource links, coping advice, treatment information, step-by-step suggestions, crisis resources. What does not count: Unsolicited judgment or vague opinion without useful information.","The Language of Social Support in Social Media and its Effect on Suicidal Ideation Risk | ICWSM / PMC (2017) | Online social support analysis | digital/protective marker | Social-media observable expression: self-focus, affective/cognitive language, disclosure, online support, and temporal shifts.",1,1,1,,,,,,,,,,,,,,,"The Language of Social Support in Social Media and its Effect on Suicidal Ideation Risk | ICWSM / PMC (2017) | Online social support analysis | digital/protective marker | Social-media observable expression: self-focus, affective/cognitive language, disclosure, online support, and temporal shifts.",,no_audit_include,145,16
uncertainty_or_ambivalence_language,Digital disclosure and psycholinguistic expression,Digital disclosure and psycholinguistic expression,S45_DECHOUDHURY_2016,Discovering Shifts to Suicidal Ideation from Mental Health Content in Social Media,https://pmc.ncbi.nlm.nih.gov/articles/PMC5659860/,https://pmc.ncbi.nlm.nih.gov/articles/PMC5659860/,1,,not_audited,"~725 OpenAlex, checked 2026-06-11","Language reflecting uncertainty, hesitation, or ambivalence about feelings or next steps.","I do not know, maybe, unsure, part of me, conflicted, confused about what to do.",Normal uncertainty about a factual question.,"uncertainty_or_ambivalence_language. Definition: Language reflecting uncertainty, hesitation, or ambivalence about feelings or next steps. What counts: I do not know, maybe, unsure, part of me, conflicted, confused about what to do. What does not count: Normal uncertainty about a factual question.","Discovering Shifts to Suicidal Ideation from Mental Health Content in Social Media | CHI (2016) | Social media transition analysis | psycholinguistic/cognitive marker | Social-media observable expression: self-focus, affective/cognitive language, disclosure, online support, and temporal shifts.",1,1,1,,,,,,,,,,,,,,,"Discovering Shifts to Suicidal Ideation from Mental Health Content in Social Media | CHI (2016) | Social media transition analysis | psycholinguistic/cognitive marker | Social-media observable expression: self-focus, affective/cognitive language, disclosure, online support, and temporal shifts.",,no_audit_include,146,17
future_time_language,Digital disclosure and psycholinguistic expression,Digital disclosure and psycholinguistic expression,S44_LIWC_2022,The Development and Psychometric Properties of LIWC-22,https://www.liwc.app/static/documents/LIWC-22%20Manual%20-%20Development%20and%20Psychometrics.pdf,https://www.liwc.app/static/documents/LIWC-22%20Manual%20-%20Development%20and%20Psychometrics.pdf,1,,not_audited,psycholinguistic framework/manual; citation count not applicable,"References to future time, plans, expectations, or lack of future.","Tomorrow, next week, future, someday, never again, planned life events, future-oriented wording.",Calendar dates without psychological meaning.,"future_time_language. Definition: References to future time, plans, expectations, or lack of future. What counts: Tomorrow, next week, future, someday, never again, planned life events, future-oriented wording. What does not count: Calendar dates without psychological meaning.","The Development and Psychometric Properties of LIWC-22 | LIWC manual (2022) | LIWC psycholinguistic categories | psycholinguistic temporal marker | Social-media observable expression: self-focus, affective/cognitive language, disclosure, online support, and temporal shifts.",1,1,1,,,,,,,,,,,,,,,"The Development and Psychometric Properties of LIWC-22 | LIWC manual (2022) | LIWC psycholinguistic categories | psycholinguistic temporal marker | Social-media observable expression: self-focus, affective/cognitive language, disclosure, online support, and temporal shifts.",,no_audit_include,147,18
